admin_id,admin_name,admin_role
1,Fredericka Lighterness,Construction Expeditor
2,Devy Barizeret,Construction Expeditor
3,Remy Tolworth,Estimator
4,Templeton Tilt,Construction Worker
5,Reinald L'oiseau,Construction Expeditor
6,Melisenda Vanyatin,Construction Manager
7,Ezmeralda Dunnico,Subcontractor
8,Alysia Anmore,Engineer
9,Stevena McNern,Construction Manager
10,Benito Culshew,Construction Expeditor
11,Clem Swinyard,Electrician
12,Candis Lindsell,Estimator
13,Francklin MacUchadair,Construction Manager
14,Daphne Bruckman,Construction Expeditor
15,Jakob Pipe,Engineer
16,Erinna Tebbett,Construction Expeditor
17,Marie-jeanne Longmead,Electrician
18,Barthel Miskelly,Engineer
19,Alie Franzetti,Construction Expeditor
20,Fanechka Blockey,Architect
21,Micheal Sarten,Subcontractor
22,Nowell Albion,Construction Foreman
23,Trina Capozzi,Supervisor
24,Ruperta Bubear,Architect
25,Sydney Terren,Construction Worker
26,Terri Pridden,Architect
27,Dalila Lucks,Construction Worker
28,Lina Attarge,Surveyor
29,Risa Warren,Project Manager
30,Edythe Loosley,Construction Foreman
31,Ranna Sclater,Construction Expeditor
32,Kermy Hearse,Construction Manager
33,Mariette Duckit,Estimator
