customer_id,f_c_name,l_c_name,contact_number,customer_address
1,Guinevere,Burley,289-550-9219,6631 Bunker Hill Hill
2,Lari,Dutnell,211-879-1512,67197 Banding Lane
3,Blondell,Everit,731-797-9564,63699 Anzinger Street
4,Mary,Glasman,253-367-7923,3 Laurel Court
5,Prentice,Whapham,179-872-0144,188 Transport Crossing
6,Rosamond,Fairholme,222-498-9844,30 Del Mar Center
7,Sylvan,Sedgemore,757-305-6498,708 Grayhawk Road
8,Desmund,Petlyura,419-851-6416,57 Fremont Way
9,Olvan,Ambrosi,237-674-8714,8975 Mandrake Park
10,Mufi,Haining,258-473-4016,68007 Fulton Junction
11,Garrott,Finnie,950-186-0111,871 Wayridge Crossing
12,Wallie,Mitskevich,182-895-6778,22 Glacier Hill Road
13,Alejandrina,Wiz,679-170-0556,5764 Sutteridge Circle
14,Berta,Kolakowski,626-299-9827,8046 Melrose Point
15,Shirline,Stitt,397-109-5935,4486 Golf Alley
16,Anallese,Gourlay,666-958-7704,7 La Follette Road
17,Chrissy,Camus,322-618-5718,06 Eastwood Circle
18,Kaitlin,Mellody,245-708-4020,12 Caliangt Pass
19,Ashil,Mumby,444-159-8065,459 Lake View Way
20,Sholom,Patience,716-534-4597,503 Fair Oaks Plaza
21,Brnaby,Gabb,176-331-5414,3 Cherokee Circle
22,Dinah,Blazey,976-515-8311,10590 Walton Hill
23,Carree,Basford,320-136-4519,92 Petterle Drive
24,Nicolis,Reyson,735-492-4563,20499 Nevada Center
25,Misty,Luetchford,316-191-6023,10404 Dawn Place
26,Lazarus,Ickowics,839-263-1775,982 Spohn Drive
27,Harlin,Rockliffe,912-720-1485,9660 Dovetail Terrace
28,Felic,Peotz,766-828-8784,6 Maywood Park
29,Mommy,Kenwell,580-388-7709,47941 Southridge Drive
30,Iseabal,Sphinxe,167-927-6025,7 Sutteridge Avenue
31,Thaddus,Gravenall,910-287-5426,851 Dorton Pass
32,Jess,Benezet,398-412-0168,8 Lerdahl Road
33,Sig,Heelis,638-242-1123,937 Helena Drive
34,Elaina,Cankett,601-876-3179,357 Lunder Alley
35,Larina,Plumstead,296-205-8296,37 Springview Way
36,Adamo,Restill,234-771-9741,599 Texas Park
37,Elka,Krause,286-865-7784,3704 Little Fleur Way
38,Sibylla,Joincey,430-403-5549,12071 Algoma Road
39,Carin,Shilton,770-304-7640,1 Susan Way
40,Sergei,Mac Geaney,189-821-8819,36 Village Circle
41,Fenelia,Hartil,999-589-3401,0 Ridge Oak Street
42,Anthiathia,Paull,109-952-0828,277 Eastlawn Center
43,Jodee,Kinglake,334-372-2642,436 Ruskin Lane
44,Mord,Wozencroft,126-763-9208,8085 Fieldstone Lane
45,Starr,Wilcock,919-908-9014,91 8th Center
46,Care,Lawrenz,689-714-1618,36537 Utah Parkway
47,Inna,Osman,976-430-6441,1 Heath Road
48,Deloria,Brobak,907-647-8726,432 Waywood Court
49,Gretna,Walters,839-664-9977,25 Schurz Junction
50,Shaine,Belle,325-679-8709,10 Eagle Crest Hill
51,Reggi,Lynds,262-903-2264,8 School Court
52,Leighton,Audrey,872-506-4075,59 Mayer Court
53,Aurie,Horwell,303-356-2869,72 Tomscot Avenue
54,Swen,Colaco,776-102-8865,294 Columbus Terrace
55,Terrell,Brunnstein,463-648-8882,59810 Loeprich Place
56,Florina,Morforth,390-137-0866,52 Lerdahl Court
57,Sheba,Shayes,317-237-0098,71 Washington Parkway
58,Caryn,Lothean,984-468-2077,329 Holy Cross Terrace
59,Manya,Phalip,208-260-5653,52 Maple Wood Crossing
60,Dannie,Cesconi,738-506-2024,8 Debra Crossing
61,Vincenz,Bocock,386-125-6148,889 Manitowish Trail
62,Batholomew,Camerana,920-756-1706,32 Erie Place
63,Etti,Worms,280-465-9560,7807 Waubesa Avenue
64,Kristel,Bartoszek,436-768-7856,2 Londonderry Drive
65,Ron,Breedy,600-777-7327,4612 Brickson Park Plaza
66,Dennis,Fontenot,150-415-0123,2 Carey Hill
67,Vladimir,Sieghard,826-288-3694,05128 Sunnyside Place
68,Annnora,Goakes,278-829-3695,84 Goodland Plaza
69,Rhiamon,Turmell,312-215-0219,07288 West Center
70,Rafferty,Coventon,663-373-9309,814 Basil Alley
71,Fairfax,Cogan,489-460-1743,22385 Jackson Avenue
72,Louise,Infantino,954-708-7582,6 6th Trail
73,Trent,Cancelier,525-333-8903,9 Monument Parkway
74,Ebba,Costar,684-731-2109,0355 Heffernan Parkway
75,Delainey,Eite,132-967-8796,4 Farragut Pass
76,Mona,Beattie,759-729-8231,6870 Donald Pass
77,Neill,Elks,522-760-2711,9591 Burrows Parkway
78,Briant,Skillanders,358-518-4283,0914 Raven Circle
79,Rolland,Janczyk,959-332-6037,4 Summer Ridge Lane
80,Constanta,Peedell,128-876-3166,9 Hovde Center
81,Uriah,Clamo,334-513-9393,70957 4th Avenue
82,Sibyl,Hobgen,810-688-2209,27489 Westridge Parkway
83,Tab,Stockport,214-354-8942,4509 South Parkway
84,Elden,Molian,401-664-1703,36505 Fordem Hill
85,Deeanne,Childes,424-569-3247,1625 Old Shore Park
86,Des,Mewett,603-965-1697,147 Lukken Road
87,Barn,Shildrake,101-198-1046,45 Anderson Avenue
88,Rochelle,Gumley,492-252-1452,877 Utah Crossing
89,Chadd,Fosberry,208-816-6242,257 Eggendart Plaza
90,Pablo,Cool,740-805-5339,80925 Brown Parkway
91,Babette,MacParlan,381-495-4705,5 Raven Point
92,Wilone,Gillinghams,913-870-0123,06 Westridge Place
93,Gib,McKeachie,161-456-6420,61 Ohio Plaza
94,Don,Westlake,881-490-7935,436 Southridge Road
95,Roselle,Lackham,355-364-2078,2 International Road
96,Maryjane,Setchfield,605-990-7515,8505 Morningstar Crossing
97,Athena,Vogt,365-100-9459,2 Butternut Crossing
98,Delinda,Ruben,249-288-8472,58 Forest Run Alley
99,Shelly,Swaffer,715-940-3455,268 Harper Terrace
100,Piotr,Bawdon,270-894-9665,52703 Blaine Circle
