web_id,customer_id,email,password
Ardyce,72,abent0@usnews.com,1QQ7ekXXtj
Porter,73,pgemlbett1@apple.com,3iE9vA
Nathalia,76,nlarciere2@slashdot.org,kjVrFEZsZ
Avictor,36,aglaister3@google.pl,bVeXkE2SK8an
Salli,57,sdring4@answers.com,aTYlEqntU
Guilbert,15,gitscowicz5@imdb.com,ohiG19wUgA
Ken,42,kcobbe6@ifeng.com,Cp1QyQmQlqa
Tim,44,temilien7@woothemes.com,mCtFjWdKn
Reynolds,46,rgiffon8@jugem.jp,bowenRKfmnHH
Idaline,90,igarcia9@slate.com,fWFjTCxeTG
Hammad,33,hshiersa@businesswire.com,mBpsj7FR2
Myron,11,mwoolardb@infoseek.co.jp,eUbySh
Florida,58,fbegganc@businessinsider.com,aJIfKQ
Otto,49,otschirschkyd@forbes.com,U2yVntq3NXHF
Kikelia,94,kclixbye@netlog.com,yAoJsYso
Florry,14,fbrennansf@diigo.com,EqCZub
Haroun,27,hbardnamg@tinyurl.com,cdThzF
Marylou,91,mruddockh@nationalgeographic.com,fu8IsJOZWs
Clayson,78,coflahertyi@networkadvertising.org,BrgJ1G8j
Robbert,32,rmairj@instagram.com,52jtjdXG
Bernadene,13,bjudgek@biblegateway.com,Ios4u7yMmhEP
Wilfred,9,wmacpaikel@google.com.au,U4Pri1
Jareb,1,jstemsonm@mozilla.org,zhjnGorEWk
Valeria,43,vblooren@xinhuanet.com,zlEO78
Sissy,30,sladeo@ucsd.edu,9aApzXq
Woodie,75,wchstneyp@joomla.org,oVkbEJg
Sande,22,sconrartq@123-reg.co.uk,WKINEFxnQBc
Lilli,26,lvardyr@yandex.ru,v2GO1XUm5XMt
Athena,64,aleales@nba.com,x66RO8QaQz
Toby,62,tdanahart@ezinearticles.com,gVsVih
Spencer,21,srichmontu@chron.com,c1ryAsyIY
Edita,56,ecockshootv@arizona.edu,C58UsE
Martie,10,mbugdellw@creativecommons.org,RnezE8m6xwT6
Anselma,54,alashmorex@ovh.net,V1iQ67X7nM
Orazio,38,ocampsally@cocolog-nifty.com,CSlyBtOj
Dosi,28,dnormandz@dyndns.org,Z13tRF2hPp
Silva,16,ssouthwick10@istockphoto.com,XXnYb9duG
Erl,12,eriddett11@fda.gov,JtRF04liE9M
Alejandro,100,ayon12@nba.com,CLY2I78aY
Zane,82,zlerer13@shareasale.com,L9flPCHHy3NW
Barbee,35,bkarpf14@vk.com,cCw27mF
Eddi,25,eibbitt15@dailymail.co.uk,NxFwjAA
Cynthia,66,cbiner16@shop-pro.jp,PzxwZoQR19e9
Diane,93,ddaymont17@spotify.com,szyBqJkI9N
Guthrie,6,gmaslen18@wisc.edu,JwAWtUAY
Gonzales,29,gkubacek19@spiegel.de,Hmvz46D
Chlo,85,cperigo1a@ehow.com,Ny4QIhOn1KF
Julina,61,jmapis1b@yellowpages.com,F5tvmiqrr77
Tersina,52,tdurward1c@de.vu,pTkPZKPUzik
Tiffanie,31,tgovenlock1d@quantcast.com,UNEEdR
Bent,81,bvanstone1e@squidoo.com,ewnTbyWQg79t
Quill,69,qcollop1f@qq.com,w0yvdCtKNqUR
Kaitlyn,60,ksnowling1g@a8.net,vHw0L7
Dalia,40,dboylund1h@umn.edu,AjLIsayM
Dinnie,39,dpipworth1i@skyrock.com,yA0oupj
Miguela,92,mwheatland1j@marketwatch.com,ErNdmp9J
Hunfredo,51,hattride1k@diigo.com,OJQe55mFWwf
Nissa,20,nbeale1l@hubpages.com,Wuvi1Zu
Brittany,41,bdebrett1m@geocities.jp,Hekyg1d54
Kennith,47,kstennes1n@columbia.edu,ECNefKGLeWSK
Desmund,4,djuara1o@yolasite.com,WMvtGS9Kn74
Ari,59,ahyne1p@cisco.com,G2HOyWo
Sasha,95,sbrilon1q@typepad.com,R073ry
Luella,55,lfishby1r@twitter.com,GLw8yF
Wain,63,wrossborough1s@illinois.edu,FQbBxqb18GLS
Nissie,71,ncrose1t@whitehouse.gov,8nruOjty9
Wilbur,53,wballintyne1u@oakley.com,v7tnRDJCvwpi
Anetta,5,adavioud1v@google.com.br,wP9Au8vwYc3J
Roby,18,rsommerlin1w@elpais.com,LTwVde5vH
Galven,68,gvockings1x@taobao.com,9aiyXSq
Ceil,23,cbletcher1y@fastcompany.com,HLuxA0E
Gwenny,8,gpearse1z@aol.com,iKYJjk87G
Anastasie,45,adeleek20@weibo.com,JUcPqod5
Sharity,89,sshorbrook21@rakuten.co.jp,0Tsftny5J515
Pyotr,84,pfancy22@bloglovin.com,6eTiiJO43Qx
Jenine,67,jhullin23@behance.net,WD5SdOaGt
Pauli,2,phedgeman24@hatena.ne.jp,dJkD6shlLjh3
Carilyn,17,clortzing25@mashable.com,mjqXlL
Hyacintha,19,hsmooth26@samsung.com,dKVRF52
Geoff,79,gdrewe27@godaddy.com,P35gHfPnTFz
Alica,37,adohmer28@drupal.org,ZMSUoHpbi
Constance,48,cstubley29@disqus.com,6Ckwu0b
Nicholle,99,ncordsen2a@google.it,9qLt1pzHiJFP
Judy,34,jdockree2b@aboutads.info,3cMGHOJ
Lonee,74,lryall2c@networksolutions.com,guNxi5xZrjfd
Cassey,3,cmclanachan2d@uiuc.edu,GFXdBNOkO
Ariela,77,awrettum2e@whitehouse.gov,WKAaxu
Palmer,86,pmoulder2f@unesco.org,JTKAPdBgBe
Richie,97,rbiddiss2g@google.fr,JMyRvm
Ethelind,98,estronghill2h@nih.gov,1imONNM5
Zia,50,zvearncomb2i@cdc.gov,rJnqQ0lnwvIi
Willa,96,wstubley2j@msn.com,1m5fcBGzKn
Lazaro,70,laleksahkin2k@skype.com,2AvizrPll
Hale,80,hkornalik2l@squidoo.com,1oOiXz4p
Oran,65,oalvin2m@mtv.com,o1IGIpYidlhc
Carine,88,cleschelle2n@imageshack.us,lRhys9avqf
Massimo,83,mmcbrady2o@ucsd.edu,u1EJxJy0C
Brittaney,87,breubens2p@cnn.com,20tQvLj
Dugald,24,dwix2q@mashable.com,OTzinDfpj
Merry,97,mgrindle2r@apple.com,vgLLZ0igdk
