tracking_id,courier_name
1,Dimitri Scougall
2,Dalis Haddeston
3,Silas Brims
4,Serene Belcham
5,Therese Balle
6,Eloise Penlington
7,Hesther Winfindine
8,Maighdiln O'Noulane
9,Erminie Nolte
10,Pippa Sayward
11,Adair Dykins
12,Bronnie Standen
13,Jody Killock
14,Hort Smiths
15,Clarey Stearn
16,Maddi Serchwell
17,Fabien Padefield
18,Ediva Eisig
19,Wally Pepperd
20,Cornall Hurst
21,Celestia Lefever
22,Kassi Whitecross
23,Micheil Dusting
24,Tyne Burnhard
25,Fin Lawie
26,Abdel Paolone
27,Ludvig Issitt
28,Melisenda Kinde
29,Hobey Leupold
30,Jammal Revan
31,Christie Leimster
32,Rickie Darlaston
33,Lacee Dickman
34,August Sabattier
35,Mahalia Layne
36,Paulie Skipping
37,Royal Mercik
38,Asia McPhilemy
39,Tilda Brahams
40,Maryann Surfleet
41,Chauncey Muckian
42,Daron Plummer
43,Gaultiero Casazza
44,Pierson Daulby
45,Winna Scoggins
46,Drucie Milan
47,Juliette Dowzell
48,Kienan Gilpillan
49,Hannah Kield
50,Bentlee Gilbey
51,Ingar Mattioni
52,Colman Rabbitt
53,Arri Huxtable
54,Eleonore Epton
55,Maire Hearley
56,Pierce Bishopp
57,Alphonse Kenwin
58,Jenifer Reid
59,Kara-lynn Clacson
60,Robena Discombe
61,Tilly Massinger
62,Devinne Houlton
63,Gordy Snawdon
64,Marina Lowsely
65,Amery McFetrich
66,Edith Yglesia
67,Bernarr Ong
68,Mina Edelheid
69,Mallory Dunn
70,Ezekiel Eake
71,Rhonda Ertel
72,Merola Cuel
73,Georgianne Cocking
74,Carolina Tadman
75,Hakeem Spavins
76,Heath Wilcinskis
77,Domenico Ivanenko
78,Zelma Brownbill
79,Cullie MacHostie
80,Elvis Chstney
81,Theda L'Hommeau
82,Sam Warsap
83,Trisha Kernan
84,Tami Hatherleigh
85,Noami Grundell
86,Daron McCarrick
87,Justina Lemar
88,Lambert Hundall
89,Lambert Grahamslaw
90,Jarib Greatorex
91,Emanuele Stack
92,Egor Leathers
93,Alli Wolfe
94,Fergus Tetford
95,Davy Simpkiss
96,Sebastiano Calyton
97,Wendel Savege
98,Bernadine Mattioni
99,Rozamond Nunn
100,Myer Thridgould
