web_id,admin_id,website_name,website_url
1,16,Brainverse,http://hao123.com/augue/aliquam/erat.jsp?ultrices=turpis&vel=nec&augue=euismod&vestibulum=scelerisque&ante=quam&ipsum=turpis&primis=adipiscing&in=lorem&faucibus=vitae&orci=mattis&luctus=nibh&et=ligula&ultrices=nec&posuere=sem&cubilia=duis&curae=aliquam&donec=convallis&pharetra=nunc&magna=proin&vestibulum=at&aliquet=turpis&ultrices=a&erat=pede&tortor=posuere&sollicitudin=nonummy
2,25,Kanoodle,http://tripod.com/volutpat/in/congue/etiam/justo/etiam/pretium.jsp?commodo=morbi&vulputate=non&justo=lectus&in=aliquam&blandit=sit&ultrices=amet&enim=diam&lorem=in&ipsum=magna&dolor=bibendum&sit=imperdiet&amet=nullam&consectetuer=orci&adipiscing=pede&elit=venenatis&proin=non&interdum=sodales&mauris=sed&non=tincidunt&ligula=eu&pellentesque=felis&ultrices=fusce&phasellus=posuere&id=felis&sapien=sed&in=lacus&sapien=morbi&iaculis=sem&congue=mauris&vivamus=laoreet&metus=ut&arcu=rhoncus&adipiscing=aliquet&molestie=pulvinar&hendrerit=sed&at=nisl&vulputate=nunc&vitae=rhoncus&nisl=dui&aenean=vel&lectus=sem&pellentesque=sed&eget=sagittis&nunc=nam&donec=congue&quis=risus&orci=semper&eget=porta&orci=volutpat&vehicula=quam&condimentum=pede&curabitur=lobortis&in=ligula&libero=sit&ut=amet&massa=eleifend&volutpat=pede&convallis=libero&morbi=quis&odio=orci&odio=nullam&elementum=molestie&eu=nibh&interdum=in&eu=lectus&tincidunt=pellentesque&in=at&leo=nulla&maecenas=suspendisse&pulvinar=potenti&lobortis=cras&est=in&phasellus=purus&sit=eu&amet=magna&erat=vulputate&nulla=luctus&tempus=cum&vivamus=sociis&in=natoque&felis=penatibus&eu=et&sapien=magnis&cursus=dis&vestibulum=parturient&proin=montes&eu=nascetur&mi=ridiculus&nulla=mus&ac=vivamus
3,32,Voonte,http://umich.edu/ut/nulla/sed.xml?enim=mi&sit=sit&amet=amet&nunc=lobortis&viverra=sapien&dapibus=sapien&nulla=non&suscipit=mi&ligula=integer&in=ac&lacus=neque&curabitur=duis&at=bibendum&ipsum=morbi&ac=non&tellus=quam&semper=nec&interdum=dui&mauris=luctus&ullamcorper=rutrum&purus=nulla&sit=tellus&amet=in&nulla=sagittis&quisque=dui&arcu=vel&libero=nisl&rutrum=duis&ac=ac&lobortis=nibh&vel=fusce&dapibus=lacus&at=purus&diam=aliquet&nam=at&tristique=feugiat&tortor=non&eu=pretium&pede=quis
4,2,Yadel,https://newyorker.com/platea/dictumst/aliquam/augue.jsp?lacinia=quisque&eget=erat&tincidunt=eros&eget=viverra&tempus=eget&vel=congue&pede=eget&morbi=semper&porttitor=rutrum&lorem=nulla&id=nunc&ligula=purus&suspendisse=phasellus&ornare=in&consequat=felis&lectus=donec&in=semper&est=sapien&risus=a&auctor=libero&sed=nam&tristique=dui&in=proin&tempus=leo
5,11,Fanoodle,http://bloomberg.com/duis/at/velit/eu.json?platea=proin&dictumst=interdum&morbi=mauris&vestibulum=non&velit=ligula&id=pellentesque&pretium=ultrices&iaculis=phasellus&diam=id&erat=sapien&fermentum=in&justo=sapien&nec=iaculis&condimentum=congue&neque=vivamus&sapien=metus&placerat=arcu&ante=adipiscing&nulla=molestie&justo=hendrerit&aliquam=at&quis=vulputate&turpis=vitae&eget=nisl&elit=aenean&sodales=lectus
6,31,Centizu,http://cornell.edu/suscipit/nulla/elit.jpg?augue=nunc&vestibulum=donec&ante=quis&ipsum=orci&primis=eget&in=orci&faucibus=vehicula&orci=condimentum&luctus=curabitur&et=in&ultrices=libero&posuere=ut&cubilia=massa&curae=volutpat&donec=convallis&pharetra=morbi&magna=odio&vestibulum=odio&aliquet=elementum&ultrices=eu&erat=interdum&tortor=eu&sollicitudin=tincidunt&mi=in&sit=leo&amet=maecenas&lobortis=pulvinar&sapien=lobortis&sapien=est&non=phasellus&mi=sit&integer=amet&ac=erat&neque=nulla&duis=tempus&bibendum=vivamus&morbi=in&non=felis&quam=eu&nec=sapien&dui=cursus&luctus=vestibulum&rutrum=proin&nulla=eu&tellus=mi&in=nulla&sagittis=ac&dui=enim&vel=in&nisl=tempor&duis=turpis&ac=nec&nibh=euismod&fusce=scelerisque&lacus=quam&purus=turpis&aliquet=adipiscing&at=lorem&feugiat=vitae&non=mattis&pretium=nibh&quis=ligula&lectus=nec&suspendisse=sem&potenti=duis&in=aliquam&eleifend=convallis&quam=nunc&a=proin&odio=at&in=turpis&hac=a&habitasse=pede
7,18,Oozz,http://cloudflare.com/non/interdum/in/ante/vestibulum/ante/ipsum.html?pede=suscipit&justo=nulla&eu=elit&massa=ac&donec=nulla&dapibus=sed&duis=vel
8,1,Kanoodle,https://chronoengine.com/interdum/in.aspx?sit=lectus&amet=suspendisse&eleifend=potenti&pede=in&libero=eleifend&quis=quam&orci=a&nullam=odio&molestie=in&nibh=hac&in=habitasse&lectus=platea&pellentesque=dictumst&at=maecenas&nulla=ut&suspendisse=massa&potenti=quis&cras=augue&in=luctus&purus=tincidunt&eu=nulla&magna=mollis&vulputate=molestie&luctus=lorem&cum=quisque&sociis=ut&natoque=erat&penatibus=curabitur&et=gravida&magnis=nisi&dis=at&parturient=nibh&montes=in&nascetur=hac&ridiculus=habitasse&mus=platea&vivamus=dictumst&vestibulum=aliquam&sagittis=augue&sapien=quam&cum=sollicitudin&sociis=vitae&natoque=consectetuer&penatibus=eget&et=rutrum&magnis=at&dis=lorem&parturient=integer&montes=tincidunt&nascetur=ante&ridiculus=vel&mus=ipsum&etiam=praesent&vel=blandit&augue=lacinia&vestibulum=erat&rutrum=vestibulum&rutrum=sed&neque=magna&aenean=at&auctor=nunc&gravida=commodo&sem=placerat&praesent=praesent&id=blandit&massa=nam&id=nulla&nisl=integer&venenatis=pede&lacinia=justo&aenean=lacinia&sit=eget&amet=tincidunt&justo=eget&morbi=tempus&ut=vel
9,10,Jaxnation,https://tripadvisor.com/rutrum.html?mauris=mauris&eget=eget&massa=massa&tempor=tempor&convallis=convallis&nulla=nulla&neque=neque&libero=libero&convallis=convallis&eget=eget&eleifend=eleifend&luctus=luctus&ultricies=ultricies&eu=eu&nibh=nibh&quisque=quisque&id=id&justo=justo&sit=sit&amet=amet&sapien=sapien&dignissim=dignissim&vestibulum=vestibulum&vestibulum=vestibulum&ante=ante&ipsum=ipsum&primis=primis&in=in&faucibus=faucibus&orci=orci&luctus=luctus&et=et&ultrices=ultrices&posuere=posuere&cubilia=cubilia&curae=curae&nulla=nulla&dapibus=dapibus&dolor=dolor&vel=vel&est=est&donec=donec&odio=odio&justo=justo&sollicitudin=sollicitudin&ut=ut&suscipit=suscipit&a=a&feugiat=feugiat&et=et&eros=eros&vestibulum=vestibulum&ac=ac&est=est&lacinia=lacinia&nisi=nisi&venenatis=venenatis
10,5,Buzzster,https://merriam-webster.com/lacinia/sapien/quis/libero/nullam/sit/amet.json?ipsum=mauris&praesent=sit&blandit=amet&lacinia=eros&erat=suspendisse&vestibulum=accumsan&sed=tortor&magna=quis&at=turpis&nunc=sed&commodo=ante&placerat=vivamus&praesent=tortor&blandit=duis&nam=mattis&nulla=egestas&integer=metus&pede=aenean&justo=fermentum&lacinia=donec&eget=ut&tincidunt=mauris&eget=eget&tempus=massa&vel=tempor&pede=convallis&morbi=nulla&porttitor=neque&lorem=libero&id=convallis&ligula=eget&suspendisse=eleifend&ornare=luctus&consequat=ultricies&lectus=eu&in=nibh&est=quisque&risus=id&auctor=justo&sed=sit&tristique=amet&in=sapien&tempus=dignissim&sit=vestibulum&amet=vestibulum&sem=ante
11,21,Yodel,https://barnesandnoble.com/eros/elementum/pellentesque/quisque/porta/volutpat/erat.png?ultrices=justo&erat=sit&tortor=amet
12,22,Shuffletag,http://webs.com/molestie/sed/justo/pellentesque/viverra.jsp?vestibulum=id&ante=turpis&ipsum=integer&primis=aliquet&in=massa&faucibus=id&orci=lobortis&luctus=convallis&et=tortor&ultrices=risus&posuere=dapibus&cubilia=augue&curae=vel&mauris=accumsan&viverra=tellus&diam=nisi&vitae=eu&quam=orci&suspendisse=mauris&potenti=lacinia&nullam=sapien&porttitor=quis&lacus=libero&at=nullam&turpis=sit&donec=amet&posuere=turpis&metus=elementum&vitae=ligula&ipsum=vehicula&aliquam=consequat&non=morbi&mauris=a&morbi=ipsum&non=integer&lectus=a&aliquam=nibh&sit=in&amet=quis&diam=justo&in=maecenas&magna=rhoncus&bibendum=aliquam&imperdiet=lacus&nullam=morbi&orci=quis&pede=tortor&venenatis=id&non=nulla&sodales=ultrices&sed=aliquet&tincidunt=maecenas&eu=leo&felis=odio&fusce=condimentum&posuere=id&felis=luctus&sed=nec&lacus=molestie&morbi=sed&sem=justo&mauris=pellentesque&laoreet=viverra&ut=pede&rhoncus=ac&aliquet=diam&pulvinar=cras&sed=pellentesque&nisl=volutpat&nunc=dui&rhoncus=maecenas&dui=tristique&vel=est&sem=et&sed=tempus&sagittis=semper&nam=est&congue=quam&risus=pharetra
13,9,Demizz,http://google.de/sit/amet/turpis/elementum/ligula.js?fermentum=id&donec=sapien&ut=in&mauris=sapien&eget=iaculis&massa=congue&tempor=vivamus&convallis=metus&nulla=arcu&neque=adipiscing&libero=molestie&convallis=hendrerit&eget=at&eleifend=vulputate&luctus=vitae&ultricies=nisl&eu=aenean&nibh=lectus&quisque=pellentesque&id=eget&justo=nunc&sit=donec&amet=quis&sapien=orci&dignissim=eget&vestibulum=orci&vestibulum=vehicula&ante=condimentum&ipsum=curabitur&primis=in&in=libero&faucibus=ut&orci=massa&luctus=volutpat&et=convallis&ultrices=morbi&posuere=odio&cubilia=odio&curae=elementum&nulla=eu&dapibus=interdum&dolor=eu&vel=tincidunt&est=in&donec=leo&odio=maecenas&justo=pulvinar&sollicitudin=lobortis&ut=est&suscipit=phasellus&a=sit&feugiat=amet&et=erat&eros=nulla&vestibulum=tempus&ac=vivamus&est=in&lacinia=felis&nisi=eu&venenatis=sapien&tristique=cursus&fusce=vestibulum&congue=proin&diam=eu&id=mi&ornare=nulla&imperdiet=ac&sapien=enim&urna=in&pretium=tempor&nisl=turpis&ut=nec&volutpat=euismod&sapien=scelerisque&arcu=quam&sed=turpis&augue=adipiscing&aliquam=lorem&erat=vitae&volutpat=mattis&in=nibh&congue=ligula&etiam=nec&justo=sem&etiam=duis&pretium=aliquam&iaculis=convallis&justo=nunc&in=proin&hac=at&habitasse=turpis&platea=a&dictumst=pede&etiam=posuere&faucibus=nonummy&cursus=integer
14,8,Browsebug,http://elpais.com/dapibus/duis/at/velit/eu.js?nulla=aenean&ultrices=auctor&aliquet=gravida&maecenas=sem&leo=praesent&odio=id&condimentum=massa&id=id&luctus=nisl&nec=venenatis&molestie=lacinia&sed=aenean&justo=sit&pellentesque=amet&viverra=justo&pede=morbi&ac=ut&diam=odio&cras=cras&pellentesque=mi&volutpat=pede&dui=malesuada&maecenas=in&tristique=imperdiet&est=et&et=commodo&tempus=vulputate&semper=justo&est=in&quam=blandit&pharetra=ultrices&magna=enim&ac=lorem&consequat=ipsum&metus=dolor&sapien=sit&ut=amet&nunc=consectetuer&vestibulum=adipiscing&ante=elit&ipsum=proin&primis=interdum&in=mauris&faucibus=non&orci=ligula
15,30,InnoZ,https://slashdot.org/ut/tellus/nulla.xml?sit=at&amet=vulputate&diam=vitae&in=nisl&magna=aenean&bibendum=lectus&imperdiet=pellentesque&nullam=eget&orci=nunc&pede=donec&venenatis=quis&non=orci&sodales=eget&sed=orci&tincidunt=vehicula&eu=condimentum&felis=curabitur&fusce=in&posuere=libero&felis=ut&sed=massa&lacus=volutpat&morbi=convallis&sem=morbi&mauris=odio&laoreet=odio&ut=elementum&rhoncus=eu&aliquet=interdum&pulvinar=eu&sed=tincidunt&nisl=in&nunc=leo&rhoncus=maecenas&dui=pulvinar&vel=lobortis&sem=est&sed=phasellus&sagittis=sit&nam=amet&congue=erat&risus=nulla&semper=tempus&porta=vivamus&volutpat=in&quam=felis&pede=eu&lobortis=sapien&ligula=cursus&sit=vestibulum&amet=proin&eleifend=eu&pede=mi&libero=nulla&quis=ac&orci=enim&nullam=in&molestie=tempor&nibh=turpis&in=nec&lectus=euismod&pellentesque=scelerisque&at=quam&nulla=turpis&suspendisse=adipiscing&potenti=lorem&cras=vitae&in=mattis&purus=nibh&eu=ligula&magna=nec&vulputate=sem&luctus=duis&cum=aliquam&sociis=convallis&natoque=nunc&penatibus=proin&et=at&magnis=turpis&dis=a&parturient=pede&montes=posuere&nascetur=nonummy&ridiculus=integer&mus=non&vivamus=velit&vestibulum=donec&sagittis=diam&sapien=neque&cum=vestibulum&sociis=eget&natoque=vulputate&penatibus=ut&et=ultrices&magnis=vel&dis=augue&parturient=vestibulum
16,26,Quinu,http://wikimedia.org/maecenas/leo/odio/condimentum/id.aspx?posuere=nec&felis=nisi&sed=vulputate&lacus=nonummy&morbi=maecenas&sem=tincidunt&mauris=lacus&laoreet=at&ut=velit&rhoncus=vivamus&aliquet=vel&pulvinar=nulla&sed=eget&nisl=eros&nunc=elementum&rhoncus=pellentesque&dui=quisque&vel=porta&sem=volutpat&sed=erat&sagittis=quisque&nam=erat&congue=eros
17,12,Devpoint,http://washingtonpost.com/sociis/natoque/penatibus/et.jsp?mauris=turpis&vulputate=sed&elementum=ante&nullam=vivamus&varius=tortor&nulla=duis&facilisi=mattis&cras=egestas&non=metus&velit=aenean&nec=fermentum&nisi=donec&vulputate=ut&nonummy=mauris&maecenas=eget&tincidunt=massa&lacus=tempor&at=convallis&velit=nulla&vivamus=neque&vel=libero&nulla=convallis&eget=eget&eros=eleifend&elementum=luctus&pellentesque=ultricies&quisque=eu&porta=nibh&volutpat=quisque&erat=id&quisque=justo&erat=sit&eros=amet&viverra=sapien&eget=dignissim&congue=vestibulum&eget=vestibulum&semper=ante&rutrum=ipsum&nulla=primis
18,24,Flipbug,http://addtoany.com/ut/volutpat/sapien.png?sapien=curabitur&dignissim=in&vestibulum=libero&vestibulum=ut&ante=massa&ipsum=volutpat&primis=convallis&in=morbi&faucibus=odio&orci=odio&luctus=elementum&et=eu&ultrices=interdum&posuere=eu&cubilia=tincidunt&curae=in&nulla=leo&dapibus=maecenas&dolor=pulvinar&vel=lobortis&est=est&donec=phasellus&odio=sit&justo=amet&sollicitudin=erat&ut=nulla&suscipit=tempus&a=vivamus&feugiat=in&et=felis&eros=eu&vestibulum=sapien&ac=cursus&est=vestibulum&lacinia=proin&nisi=eu&venenatis=mi&tristique=nulla&fusce=ac&congue=enim&diam=in&id=tempor&ornare=turpis&imperdiet=nec&sapien=euismod&urna=scelerisque&pretium=quam&nisl=turpis&ut=adipiscing&volutpat=lorem&sapien=vitae&arcu=mattis&sed=nibh&augue=ligula&aliquam=nec&erat=sem&volutpat=duis
19,20,Skinix,https://nytimes.com/nec/condimentum/neque.aspx?pede=risus&venenatis=dapibus&non=augue&sodales=vel&sed=accumsan&tincidunt=tellus&eu=nisi&felis=eu&fusce=orci
20,4,Dynabox,https://trellian.com/dictumst/etiam/faucibus.jsp?suspendisse=vulputate&ornare=justo&consequat=in&lectus=blandit&in=ultrices&est=enim&risus=lorem&auctor=ipsum&sed=dolor&tristique=sit&in=amet&tempus=consectetuer&sit=adipiscing&amet=elit&sem=proin&fusce=interdum&consequat=mauris&nulla=non&nisl=ligula&nunc=pellentesque&nisl=ultrices&duis=phasellus&bibendum=id&felis=sapien&sed=in&interdum=sapien&venenatis=iaculis&turpis=congue&enim=vivamus&blandit=metus&mi=arcu&in=adipiscing&porttitor=molestie&pede=hendrerit&justo=at&eu=vulputate&massa=vitae&donec=nisl&dapibus=aenean&duis=lectus&at=pellentesque&velit=eget&eu=nunc&est=donec&congue=quis&elementum=orci&in=eget&hac=orci&habitasse=vehicula&platea=condimentum&dictumst=curabitur&morbi=in&vestibulum=libero&velit=ut&id=massa&pretium=volutpat&iaculis=convallis&diam=morbi&erat=odio&fermentum=odio&justo=elementum&nec=eu&condimentum=interdum&neque=eu&sapien=tincidunt&placerat=in&ante=leo&nulla=maecenas&justo=pulvinar&aliquam=lobortis&quis=est&turpis=phasellus&eget=sit&elit=amet&sodales=erat&scelerisque=nulla&mauris=tempus&sit=vivamus&amet=in&eros=felis&suspendisse=eu&accumsan=sapien&tortor=cursus&quis=vestibulum
21,29,Zoombox,https://fc2.com/sapien/arcu.json?convallis=blandit&nunc=mi&proin=in&at=porttitor&turpis=pede&a=justo&pede=eu&posuere=massa&nonummy=donec&integer=dapibus&non=duis&velit=at&donec=velit&diam=eu&neque=est&vestibulum=congue&eget=elementum&vulputate=in&ut=hac&ultrices=habitasse&vel=platea&augue=dictumst&vestibulum=morbi&ante=vestibulum&ipsum=velit&primis=id&in=pretium&faucibus=iaculis&orci=diam&luctus=erat&et=fermentum&ultrices=justo&posuere=nec&cubilia=condimentum&curae=neque&donec=sapien&pharetra=placerat&magna=ante&vestibulum=nulla&aliquet=justo&ultrices=aliquam&erat=quis&tortor=turpis&sollicitudin=eget&mi=elit&sit=sodales&amet=scelerisque&lobortis=mauris&sapien=sit&sapien=amet&non=eros&mi=suspendisse&integer=accumsan&ac=tortor&neque=quis&duis=turpis&bibendum=sed&morbi=ante&non=vivamus&quam=tortor&nec=duis&dui=mattis&luctus=egestas&rutrum=metus&nulla=aenean&tellus=fermentum&in=donec&sagittis=ut&dui=mauris&vel=eget&nisl=massa&duis=tempor&ac=convallis&nibh=nulla&fusce=neque&lacus=libero&purus=convallis&aliquet=eget&at=eleifend&feugiat=luctus&non=ultricies&pretium=eu&quis=nibh&lectus=quisque&suspendisse=id&potenti=justo&in=sit&eleifend=amet&quam=sapien&a=dignissim&odio=vestibulum&in=vestibulum
22,17,Trilia,http://clickbank.net/blandit/lacinia/erat/vestibulum.html?rhoncus=nullam&aliquet=molestie&pulvinar=nibh&sed=in&nisl=lectus&nunc=pellentesque&rhoncus=at&dui=nulla&vel=suspendisse&sem=potenti&sed=cras&sagittis=in&nam=purus&congue=eu&risus=magna&semper=vulputate&porta=luctus&volutpat=cum&quam=sociis&pede=natoque&lobortis=penatibus&ligula=et&sit=magnis&amet=dis&eleifend=parturient&pede=montes&libero=nascetur&quis=ridiculus&orci=mus&nullam=vivamus&molestie=vestibulum&nibh=sagittis&in=sapien&lectus=cum&pellentesque=sociis&at=natoque&nulla=penatibus&suspendisse=et&potenti=magnis&cras=dis&in=parturient&purus=montes&eu=nascetur&magna=ridiculus&vulputate=mus&luctus=etiam&cum=vel&sociis=augue&natoque=vestibulum&penatibus=rutrum&et=rutrum&magnis=neque&dis=aenean&parturient=auctor&montes=gravida&nascetur=sem&ridiculus=praesent&mus=id&vivamus=massa&vestibulum=id&sagittis=nisl&sapien=venenatis&cum=lacinia&sociis=aenean&natoque=sit&penatibus=amet&et=justo&magnis=morbi&dis=ut&parturient=odio&montes=cras&nascetur=mi&ridiculus=pede&mus=malesuada&etiam=in&vel=imperdiet&augue=et
23,3,Myworks,https://psu.edu/adipiscing/molestie.xml?hac=habitasse&habitasse=platea&platea=dictumst&dictumst=morbi
24,23,Nlounge,https://sun.com/sodales/scelerisque/mauris/sit.aspx?eget=integer&massa=non&tempor=velit&convallis=donec&nulla=diam&neque=neque&libero=vestibulum&convallis=eget&eget=vulputate&eleifend=ut&luctus=ultrices&ultricies=vel&eu=augue&nibh=vestibulum
25,15,Youspan,http://disqus.com/in/tempus/sit.jsp?tristique=cras&fusce=non&congue=velit&diam=nec&id=nisi&ornare=vulputate&imperdiet=nonummy&sapien=maecenas&urna=tincidunt&pretium=lacus&nisl=at&ut=velit&volutpat=vivamus&sapien=vel&arcu=nulla&sed=eget&augue=eros&aliquam=elementum&erat=pellentesque&volutpat=quisque&in=porta&congue=volutpat&etiam=erat&justo=quisque&etiam=erat&pretium=eros&iaculis=viverra&justo=eget&in=congue&hac=eget&habitasse=semper&platea=rutrum&dictumst=nulla
26,6,Flipbug,https://mapquest.com/volutpat/sapien/arcu/sed/augue/aliquam/erat.html?congue=in&elementum=congue&in=etiam&hac=justo&habitasse=etiam&platea=pretium&dictumst=iaculis&morbi=justo&vestibulum=in&velit=hac&id=habitasse&pretium=platea&iaculis=dictumst&diam=etiam&erat=faucibus&fermentum=cursus&justo=urna&nec=ut&condimentum=tellus&neque=nulla&sapien=ut&placerat=erat&ante=id&nulla=mauris&justo=vulputate&aliquam=elementum&quis=nullam&turpis=varius&eget=nulla&elit=facilisi&sodales=cras&scelerisque=non&mauris=velit&sit=nec&amet=nisi&eros=vulputate&suspendisse=nonummy&accumsan=maecenas&tortor=tincidunt&quis=lacus&turpis=at&sed=velit&ante=vivamus&vivamus=vel
27,19,Dynabox,http://webeden.co.uk/tellus/nisi/eu.jpg?feugiat=maecenas&non=ut&pretium=massa&quis=quis&lectus=augue&suspendisse=luctus&potenti=tincidunt&in=nulla&eleifend=mollis&quam=molestie&a=lorem&odio=quisque&in=ut&hac=erat&habitasse=curabitur&platea=gravida&dictumst=nisi&maecenas=at&ut=nibh&massa=in&quis=hac&augue=habitasse&luctus=platea&tincidunt=dictumst&nulla=aliquam&mollis=augue&molestie=quam&lorem=sollicitudin&quisque=vitae&ut=consectetuer&erat=eget&curabitur=rutrum&gravida=at
28,13,Jayo,https://nasa.gov/non/mattis/pulvinar/nulla.jpg?blandit=in&lacinia=porttitor&erat=pede&vestibulum=justo&sed=eu&magna=massa&at=donec&nunc=dapibus&commodo=duis&placerat=at&praesent=velit&blandit=eu&nam=est&nulla=congue&integer=elementum&pede=in&justo=hac&lacinia=habitasse&eget=platea&tincidunt=dictumst&eget=morbi&tempus=vestibulum&vel=velit&pede=id&morbi=pretium&porttitor=iaculis&lorem=diam&id=erat&ligula=fermentum&suspendisse=justo&ornare=nec&consequat=condimentum
29,7,Plambee,https://gnu.org/ut/massa/volutpat/convallis.jpg?vivamus=vivamus&vestibulum=metus&sagittis=arcu&sapien=adipiscing&cum=molestie&sociis=hendrerit&natoque=at&penatibus=vulputate&et=vitae&magnis=nisl&dis=aenean&parturient=lectus&montes=pellentesque&nascetur=eget&ridiculus=nunc&mus=donec&etiam=quis&vel=orci&augue=eget&vestibulum=orci&rutrum=vehicula&rutrum=condimentum&neque=curabitur&aenean=in&auctor=libero&gravida=ut&sem=massa&praesent=volutpat&id=convallis&massa=morbi&id=odio&nisl=odio&venenatis=elementum&lacinia=eu&aenean=interdum&sit=eu&amet=tincidunt&justo=in&morbi=leo&ut=maecenas&odio=pulvinar&cras=lobortis&mi=est&pede=phasellus&malesuada=sit&in=amet&imperdiet=erat&et=nulla&commodo=tempus&vulputate=vivamus&justo=in&in=felis&blandit=eu&ultrices=sapien&enim=cursus&lorem=vestibulum&ipsum=proin&dolor=eu&sit=mi&amet=nulla&consectetuer=ac&adipiscing=enim&elit=in&proin=tempor&interdum=turpis&mauris=nec&non=euismod&ligula=scelerisque&pellentesque=quam&ultrices=turpis&phasellus=adipiscing&id=lorem&sapien=vitae&in=mattis&sapien=nibh&iaculis=ligula&congue=nec&vivamus=sem&metus=duis&arcu=aliquam&adipiscing=convallis&molestie=nunc&hendrerit=proin&at=at&vulputate=turpis&vitae=a&nisl=pede&aenean=posuere&lectus=nonummy&pellentesque=integer&eget=non&nunc=velit&donec=donec&quis=diam&orci=neque&eget=vestibulum&orci=eget&vehicula=vulputate&condimentum=ut&curabitur=ultrices
30,14,Avaveo,http://digg.com/et/ultrices/posuere/cubilia.png?iaculis=elit
31,28,Fiveclub,http://rediff.com/dictumst/etiam/faucibus/cursus/urna/ut.jsp?nisi=sem&nam=fusce&ultrices=consequat&libero=nulla&non=nisl&mattis=nunc&pulvinar=nisl&nulla=duis&pede=bibendum&ullamcorper=felis&augue=sed&a=interdum&suscipit=venenatis&nulla=turpis&elit=enim
32,33,Vimbo,https://skyrock.com/penatibus/et/magnis.json?aliquam=nisl&augue=nunc&quam=nisl&sollicitudin=duis&vitae=bibendum&consectetuer=felis&eget=sed&rutrum=interdum&at=venenatis&lorem=turpis&integer=enim&tincidunt=blandit&ante=mi&vel=in&ipsum=porttitor&praesent=pede&blandit=justo&lacinia=eu&erat=massa&vestibulum=donec&sed=dapibus&magna=duis&at=at&nunc=velit&commodo=eu&placerat=est&praesent=congue&blandit=elementum&nam=in&nulla=hac&integer=habitasse&pede=platea&justo=dictumst&lacinia=morbi&eget=vestibulum&tincidunt=velit&eget=id&tempus=pretium&vel=iaculis&pede=diam&morbi=erat&porttitor=fermentum&lorem=justo&id=nec
33,27,Eire,http://altervista.org/diam.jpg?curae=ut&nulla=suscipit&dapibus=a&dolor=feugiat&vel=et&est=eros&donec=vestibulum&odio=ac&justo=est&sollicitudin=lacinia&ut=nisi&suscipit=venenatis&a=tristique&feugiat=fusce&et=congue&eros=diam&vestibulum=id&ac=ornare&est=imperdiet&lacinia=sapien&nisi=urna&venenatis=pretium&tristique=nisl&fusce=ut&congue=volutpat&diam=sapien&id=arcu&ornare=sed&imperdiet=augue&sapien=aliquam&urna=erat&pretium=volutpat&nisl=in&ut=congue&volutpat=etiam&sapien=justo&arcu=etiam&sed=pretium&augue=iaculis&aliquam=justo&erat=in&volutpat=hac&in=habitasse&congue=platea&etiam=dictumst&justo=etiam&etiam=faucibus&pretium=cursus&iaculis=urna&justo=ut&in=tellus&hac=nulla&habitasse=ut&platea=erat&dictumst=id&etiam=mauris&faucibus=vulputate&cursus=elementum
34,16,Bubblemix,http://lycos.com/pellentesque/eget.xml?blandit=pretium&ultrices=iaculis&enim=diam&lorem=erat&ipsum=fermentum&dolor=justo&sit=nec&amet=condimentum&consectetuer=neque
35,18,Wordtune,https://msu.edu/morbi/porttitor/lorem.json?nunc=tortor&rhoncus=sollicitudin&dui=mi&vel=sit&sem=amet&sed=lobortis&sagittis=sapien&nam=sapien&congue=non&risus=mi&semper=integer&porta=ac&volutpat=neque&quam=duis&pede=bibendum&lobortis=morbi&ligula=non&sit=quam
36,7,Jabbercube,https://last.fm/lorem/vitae/mattis/nibh/ligula/nec.json?cras=non&pellentesque=lectus&volutpat=aliquam&dui=sit&maecenas=amet&tristique=diam&est=in&et=magna&tempus=bibendum&semper=imperdiet&est=nullam&quam=orci&pharetra=pede&magna=venenatis&ac=non&consequat=sodales&metus=sed&sapien=tincidunt&ut=eu&nunc=felis&vestibulum=fusce&ante=posuere&ipsum=felis&primis=sed&in=lacus&faucibus=morbi&orci=sem&luctus=mauris&et=laoreet&ultrices=ut&posuere=rhoncus&cubilia=aliquet&curae=pulvinar&mauris=sed&viverra=nisl&diam=nunc&vitae=rhoncus&quam=dui&suspendisse=vel&potenti=sem&nullam=sed&porttitor=sagittis&lacus=nam&at=congue&turpis=risus&donec=semper&posuere=porta&metus=volutpat
37,15,Innojam,https://blogs.com/elit/ac/nulla/sed/vel.png?lectus=urna&pellentesque=ut&at=tellus&nulla=nulla&suspendisse=ut&potenti=erat&cras=id&in=mauris&purus=vulputate&eu=elementum&magna=nullam&vulputate=varius&luctus=nulla&cum=facilisi&sociis=cras&natoque=non&penatibus=velit&et=nec&magnis=nisi&dis=vulputate&parturient=nonummy&montes=maecenas&nascetur=tincidunt&ridiculus=lacus&mus=at&vivamus=velit&vestibulum=vivamus&sagittis=vel&sapien=nulla&cum=eget&sociis=eros&natoque=elementum&penatibus=pellentesque&et=quisque&magnis=porta&dis=volutpat&parturient=erat&montes=quisque&nascetur=erat&ridiculus=eros&mus=viverra&etiam=eget&vel=congue&augue=eget&vestibulum=semper&rutrum=rutrum&rutrum=nulla&neque=nunc&aenean=purus&auctor=phasellus&gravida=in&sem=felis&praesent=donec&id=semper&massa=sapien&id=a&nisl=libero&venenatis=nam&lacinia=dui&aenean=proin&sit=leo&amet=odio&justo=porttitor&morbi=id&ut=consequat&odio=in&cras=consequat&mi=ut&pede=nulla&malesuada=sed&in=accumsan&imperdiet=felis&et=ut&commodo=at&vulputate=dolor&justo=quis&in=odio&blandit=consequat&ultrices=varius&enim=integer&lorem=ac&ipsum=leo&dolor=pellentesque&sit=ultrices&amet=mattis&consectetuer=odio&adipiscing=donec&elit=vitae&proin=nisi&interdum=nam
38,12,Camimbo,http://businessinsider.com/gravida/sem/praesent.png?eleifend=praesent&pede=lectus&libero=vestibulum&quis=quam&orci=sapien&nullam=varius&molestie=ut&nibh=blandit&in=non&lectus=interdum&pellentesque=in&at=ante&nulla=vestibulum&suspendisse=ante&potenti=ipsum&cras=primis&in=in&purus=faucibus&eu=orci&magna=luctus&vulputate=et&luctus=ultrices&cum=posuere&sociis=cubilia&natoque=curae&penatibus=duis&et=faucibus&magnis=accumsan&dis=odio&parturient=curabitur&montes=convallis&nascetur=duis&ridiculus=consequat&mus=dui&vivamus=nec&vestibulum=nisi&sagittis=volutpat&sapien=eleifend&cum=donec&sociis=ut&natoque=dolor&penatibus=morbi&et=vel&magnis=lectus&dis=in&parturient=quam&montes=fringilla&nascetur=rhoncus&ridiculus=mauris&mus=enim&etiam=leo&vel=rhoncus&augue=sed&vestibulum=vestibulum&rutrum=sit&rutrum=amet&neque=cursus&aenean=id
39,13,Realcube,https://sina.com.cn/posuere/cubilia.jpg?in=et&purus=tempus&eu=semper&magna=est&vulputate=quam&luctus=pharetra&cum=magna&sociis=ac&natoque=consequat&penatibus=metus&et=sapien&magnis=ut&dis=nunc&parturient=vestibulum&montes=ante&nascetur=ipsum&ridiculus=primis&mus=in&vivamus=faucibus&vestibulum=orci&sagittis=luctus&sapien=et&cum=ultrices&sociis=posuere&natoque=cubilia&penatibus=curae&et=mauris&magnis=viverra&dis=diam&parturient=vitae&montes=quam&nascetur=suspendisse&ridiculus=potenti&mus=nullam&etiam=porttitor&vel=lacus&augue=at&vestibulum=turpis&rutrum=donec&rutrum=posuere
40,33,Roomm,http://wordpress.org/platea.png?hac=sit&habitasse=amet&platea=sapien&dictumst=dignissim&maecenas=vestibulum&ut=vestibulum&massa=ante&quis=ipsum&augue=primis&luctus=in&tincidunt=faucibus&nulla=orci&mollis=luctus&molestie=et&lorem=ultrices&quisque=posuere&ut=cubilia&erat=curae&curabitur=nulla&gravida=dapibus&nisi=dolor&at=vel&nibh=est&in=donec&hac=odio&habitasse=justo&platea=sollicitudin&dictumst=ut&aliquam=suscipit&augue=a&quam=feugiat&sollicitudin=et&vitae=eros&consectetuer=vestibulum&eget=ac&rutrum=est&at=lacinia&lorem=nisi&integer=venenatis&tincidunt=tristique&ante=fusce&vel=congue&ipsum=diam&praesent=id&blandit=ornare&lacinia=imperdiet&erat=sapien&vestibulum=urna&sed=pretium&magna=nisl&at=ut&nunc=volutpat&commodo=sapien&placerat=arcu&praesent=sed&blandit=augue&nam=aliquam&nulla=erat&integer=volutpat&pede=in&justo=congue&lacinia=etiam&eget=justo&tincidunt=etiam&eget=pretium&tempus=iaculis&vel=justo&pede=in&morbi=hac&porttitor=habitasse&lorem=platea&id=dictumst&ligula=etiam&suspendisse=faucibus&ornare=cursus&consequat=urna&lectus=ut&in=tellus&est=nulla&risus=ut&auctor=erat&sed=id&tristique=mauris&in=vulputate&tempus=elementum&sit=nullam&amet=varius&sem=nulla&fusce=facilisi&consequat=cras&nulla=non&nisl=velit&nunc=nec
41,20,Leexo,http://photobucket.com/duis/ac/nibh/fusce/lacus.jsp?platea=sapien&dictumst=cursus&maecenas=vestibulum&ut=proin&massa=eu&quis=mi&augue=nulla&luctus=ac&tincidunt=enim&nulla=in&mollis=tempor&molestie=turpis&lorem=nec&quisque=euismod&ut=scelerisque&erat=quam&curabitur=turpis&gravida=adipiscing&nisi=lorem&at=vitae&nibh=mattis&in=nibh&hac=ligula&habitasse=nec&platea=sem&dictumst=duis&aliquam=aliquam&augue=convallis&quam=nunc&sollicitudin=proin&vitae=at&consectetuer=turpis&eget=a&rutrum=pede&at=posuere&lorem=nonummy&integer=integer&tincidunt=non&ante=velit&vel=donec&ipsum=diam&praesent=neque&blandit=vestibulum&lacinia=eget&erat=vulputate&vestibulum=ut&sed=ultrices&magna=vel&at=augue&nunc=vestibulum&commodo=ante&placerat=ipsum&praesent=primis&blandit=in&nam=faucibus&nulla=orci&integer=luctus&pede=et&justo=ultrices&lacinia=posuere&eget=cubilia&tincidunt=curae&eget=donec&tempus=pharetra&vel=magna&pede=vestibulum&morbi=aliquet
42,31,Wordify,http://latimes.com/porttitor/lorem/id/ligula.js?arcu=neque&sed=aenean&augue=auctor&aliquam=gravida&erat=sem&volutpat=praesent&in=id&congue=massa&etiam=id&justo=nisl&etiam=venenatis&pretium=lacinia&iaculis=aenean&justo=sit&in=amet&hac=justo&habitasse=morbi&platea=ut&dictumst=odio&etiam=cras&faucibus=mi&cursus=pede&urna=malesuada&ut=in&tellus=imperdiet&nulla=et&ut=commodo&erat=vulputate&id=justo&mauris=in&vulputate=blandit&elementum=ultrices&nullam=enim&varius=lorem&nulla=ipsum&facilisi=dolor&cras=sit&non=amet&velit=consectetuer&nec=adipiscing&nisi=elit&vulputate=proin&nonummy=interdum&maecenas=mauris&tincidunt=non&lacus=ligula&at=pellentesque&velit=ultrices&vivamus=phasellus&vel=id&nulla=sapien&eget=in&eros=sapien&elementum=iaculis&pellentesque=congue&quisque=vivamus&porta=metus&volutpat=arcu&erat=adipiscing&quisque=molestie&erat=hendrerit&eros=at&viverra=vulputate&eget=vitae&congue=nisl&eget=aenean&semper=lectus&rutrum=pellentesque&nulla=eget&nunc=nunc&purus=donec&phasellus=quis&in=orci&felis=eget&donec=orci&semper=vehicula&sapien=condimentum&a=curabitur&libero=in&nam=libero&dui=ut&proin=massa&leo=volutpat&odio=convallis&porttitor=morbi&id=odio&consequat=odio
43,23,Realbuzz,http://boston.com/sapien.html?pede=non&malesuada=pretium&in=quis&imperdiet=lectus&et=suspendisse&commodo=potenti&vulputate=in&justo=eleifend&in=quam&blandit=a&ultrices=odio&enim=in&lorem=hac&ipsum=habitasse&dolor=platea&sit=dictumst&amet=maecenas&consectetuer=ut&adipiscing=massa&elit=quis&proin=augue&interdum=luctus&mauris=tincidunt&non=nulla&ligula=mollis&pellentesque=molestie&ultrices=lorem&phasellus=quisque&id=ut&sapien=erat&in=curabitur&sapien=gravida&iaculis=nisi&congue=at&vivamus=nibh
44,2,Aimbo,http://google.ru/elementum/ligula/vehicula/consequat/morbi.aspx?mauris=duis&lacinia=ac&sapien=nibh&quis=fusce&libero=lacus&nullam=purus&sit=aliquet&amet=at&turpis=feugiat&elementum=non&ligula=pretium&vehicula=quis&consequat=lectus&morbi=suspendisse&a=potenti&ipsum=in&integer=eleifend&a=quam&nibh=a&in=odio&quis=in&justo=hac&maecenas=habitasse&rhoncus=platea&aliquam=dictumst&lacus=maecenas&morbi=ut&quis=massa&tortor=quis&id=augue&nulla=luctus&ultrices=tincidunt&aliquet=nulla&maecenas=mollis&leo=molestie&odio=lorem&condimentum=quisque&id=ut&luctus=erat&nec=curabitur&molestie=gravida&sed=nisi&justo=at&pellentesque=nibh&viverra=in&pede=hac&ac=habitasse&diam=platea&cras=dictumst&pellentesque=aliquam&volutpat=augue&dui=quam&maecenas=sollicitudin&tristique=vitae&est=consectetuer&et=eget&tempus=rutrum&semper=at&est=lorem&quam=integer&pharetra=tincidunt&magna=ante&ac=vel&consequat=ipsum&metus=praesent&sapien=blandit&ut=lacinia&nunc=erat&vestibulum=vestibulum&ante=sed&ipsum=magna&primis=at&in=nunc&faucibus=commodo&orci=placerat&luctus=praesent&et=blandit&ultrices=nam&posuere=nulla&cubilia=integer&curae=pede&mauris=justo&viverra=lacinia
45,1,Skidoo,https://opensource.org/nunc/commodo/placerat.aspx?a=venenatis&pede=non&posuere=sodales&nonummy=sed&integer=tincidunt&non=eu&velit=felis&donec=fusce&diam=posuere&neque=felis&vestibulum=sed&eget=lacus&vulputate=morbi&ut=sem&ultrices=mauris
46,26,Oozz,https://nbcnews.com/hac/habitasse/platea.js?mi=porttitor&in=lorem&porttitor=id&pede=ligula&justo=suspendisse&eu=ornare&massa=consequat&donec=lectus&dapibus=in&duis=est&at=risus&velit=auctor&eu=sed&est=tristique&congue=in&elementum=tempus&in=sit&hac=amet&habitasse=sem&platea=fusce&dictumst=consequat&morbi=nulla&vestibulum=nisl&velit=nunc&id=nisl&pretium=duis&iaculis=bibendum&diam=felis&erat=sed&fermentum=interdum&justo=venenatis&nec=turpis&condimentum=enim&neque=blandit&sapien=mi&placerat=in&ante=porttitor&nulla=pede&justo=justo&aliquam=eu&quis=massa&turpis=donec&eget=dapibus&elit=duis&sodales=at&scelerisque=velit&mauris=eu&sit=est&amet=congue&eros=elementum&suspendisse=in&accumsan=hac&tortor=habitasse&quis=platea&turpis=dictumst&sed=morbi&ante=vestibulum&vivamus=velit&tortor=id&duis=pretium&mattis=iaculis&egestas=diam&metus=erat&aenean=fermentum&fermentum=justo&donec=nec&ut=condimentum&mauris=neque&eget=sapien&massa=placerat&tempor=ante&convallis=nulla&nulla=justo&neque=aliquam&libero=quis&convallis=turpis&eget=eget&eleifend=elit&luctus=sodales&ultricies=scelerisque&eu=mauris&nibh=sit&quisque=amet&id=eros&justo=suspendisse&sit=accumsan&amet=tortor&sapien=quis&dignissim=turpis&vestibulum=sed&vestibulum=ante&ante=vivamus&ipsum=tortor&primis=duis&in=mattis&faucibus=egestas&orci=metus&luctus=aenean&et=fermentum
47,9,Livetube,http://msn.com/ultrices/posuere/cubilia.jsp?a=eget&ipsum=semper&integer=rutrum&a=nulla&nibh=nunc&in=purus&quis=phasellus&justo=in&maecenas=felis&rhoncus=donec&aliquam=semper&lacus=sapien&morbi=a&quis=libero&tortor=nam&id=dui&nulla=proin&ultrices=leo&aliquet=odio&maecenas=porttitor&leo=id&odio=consequat&condimentum=in&id=consequat&luctus=ut&nec=nulla&molestie=sed&sed=accumsan&justo=felis&pellentesque=ut&viverra=at&pede=dolor&ac=quis&diam=odio&cras=consequat&pellentesque=varius&volutpat=integer&dui=ac&maecenas=leo&tristique=pellentesque&est=ultrices&et=mattis&tempus=odio&semper=donec&est=vitae
48,24,Brainverse,https://yandex.ru/sodales/scelerisque/mauris/sit/amet/eros/suspendisse.jsp?in=bibendum&tempus=felis&sit=sed&amet=interdum&sem=venenatis&fusce=turpis&consequat=enim&nulla=blandit&nisl=mi&nunc=in&nisl=porttitor&duis=pede&bibendum=justo&felis=eu&sed=massa&interdum=donec&venenatis=dapibus&turpis=duis&enim=at&blandit=velit&mi=eu&in=est&porttitor=congue&pede=elementum&justo=in&eu=hac&massa=habitasse&donec=platea&dapibus=dictumst&duis=morbi&at=vestibulum&velit=velit&eu=id&est=pretium&congue=iaculis&elementum=diam&in=erat&hac=fermentum&habitasse=justo&platea=nec&dictumst=condimentum&morbi=neque&vestibulum=sapien&velit=placerat&id=ante&pretium=nulla&iaculis=justo&diam=aliquam&erat=quis&fermentum=turpis&justo=eget&nec=elit&condimentum=sodales&neque=scelerisque&sapien=mauris&placerat=sit&ante=amet&nulla=eros&justo=suspendisse&aliquam=accumsan&quis=tortor&turpis=quis&eget=turpis&elit=sed&sodales=ante&scelerisque=vivamus&mauris=tortor
49,3,Feedfire,http://google.ru/volutpat/sapien/arcu.jsp?justo=semper&pellentesque=porta&viverra=volutpat&pede=quam&ac=pede&diam=lobortis&cras=ligula&pellentesque=sit&volutpat=amet&dui=eleifend&maecenas=pede&tristique=libero&est=quis&et=orci&tempus=nullam&semper=molestie&est=nibh&quam=in&pharetra=lectus&magna=pellentesque&ac=at&consequat=nulla&metus=suspendisse&sapien=potenti&ut=cras&nunc=in&vestibulum=purus&ante=eu&ipsum=magna&primis=vulputate&in=luctus&faucibus=cum&orci=sociis&luctus=natoque&et=penatibus&ultrices=et&posuere=magnis&cubilia=dis&curae=parturient&mauris=montes&viverra=nascetur&diam=ridiculus&vitae=mus&quam=vivamus&suspendisse=vestibulum&potenti=sagittis&nullam=sapien&porttitor=cum&lacus=sociis&at=natoque&turpis=penatibus&donec=et&posuere=magnis&metus=dis&vitae=parturient&ipsum=montes&aliquam=nascetur&non=ridiculus&mauris=mus&morbi=etiam&non=vel&lectus=augue&aliquam=vestibulum&sit=rutrum&amet=rutrum&diam=neque&in=aenean&magna=auctor&bibendum=gravida&imperdiet=sem&nullam=praesent&orci=id&pede=massa&venenatis=id&non=nisl&sodales=venenatis&sed=lacinia&tincidunt=aenean&eu=sit&felis=amet&fusce=justo&posuere=morbi&felis=ut&sed=odio&lacus=cras&morbi=mi&sem=pede&mauris=malesuada&laoreet=in&ut=imperdiet&rhoncus=et&aliquet=commodo&pulvinar=vulputate
50,28,Zazio,http://spotify.com/habitasse/platea.jpg?ligula=nam&sit=dui&amet=proin&eleifend=leo&pede=odio&libero=porttitor&quis=id&orci=consequat&nullam=in&molestie=consequat&nibh=ut&in=nulla&lectus=sed&pellentesque=accumsan&at=felis&nulla=ut&suspendisse=at&potenti=dolor&cras=quis&in=odio&purus=consequat&eu=varius&magna=integer&vulputate=ac&luctus=leo&cum=pellentesque&sociis=ultrices&natoque=mattis&penatibus=odio&et=donec&magnis=vitae&dis=nisi&parturient=nam&montes=ultrices&nascetur=libero&ridiculus=non&mus=mattis&vivamus=pulvinar&vestibulum=nulla&sagittis=pede&sapien=ullamcorper&cum=augue&sociis=a&natoque=suscipit&penatibus=nulla&et=elit&magnis=ac&dis=nulla&parturient=sed&montes=vel&nascetur=enim&ridiculus=sit&mus=amet&etiam=nunc&vel=viverra&augue=dapibus&vestibulum=nulla&rutrum=suscipit&rutrum=ligula&neque=in&aenean=lacus&auctor=curabitur
51,19,Zoonoodle,http://google.ru/sapien/arcu/sed/augue.html?sem=ut&fusce=blandit&consequat=non&nulla=interdum&nisl=in&nunc=ante&nisl=vestibulum&duis=ante&bibendum=ipsum&felis=primis&sed=in&interdum=faucibus&venenatis=orci&turpis=luctus&enim=et&blandit=ultrices&mi=posuere&in=cubilia&porttitor=curae&pede=duis&justo=faucibus&eu=accumsan&massa=odio&donec=curabitur
52,17,Roombo,http://sakura.ne.jp/amet/consectetuer/adipiscing/elit/proin/risus/praesent.png?orci=vestibulum&vehicula=ante&condimentum=ipsum&curabitur=primis&in=in&libero=faucibus&ut=orci&massa=luctus&volutpat=et&convallis=ultrices&morbi=posuere&odio=cubilia&odio=curae&elementum=duis&eu=faucibus&interdum=accumsan&eu=odio&tincidunt=curabitur&in=convallis&leo=duis&maecenas=consequat&pulvinar=dui&lobortis=nec&est=nisi&phasellus=volutpat&sit=eleifend&amet=donec&erat=ut&nulla=dolor&tempus=morbi&vivamus=vel&in=lectus&felis=in&eu=quam&sapien=fringilla&cursus=rhoncus&vestibulum=mauris&proin=enim&eu=leo&mi=rhoncus&nulla=sed&ac=vestibulum&enim=sit&in=amet&tempor=cursus&turpis=id&nec=turpis&euismod=integer&scelerisque=aliquet&quam=massa&turpis=id&adipiscing=lobortis&lorem=convallis&vitae=tortor&mattis=risus&nibh=dapibus&ligula=augue&nec=vel&sem=accumsan&duis=tellus&aliquam=nisi&convallis=eu&nunc=orci&proin=mauris&at=lacinia&turpis=sapien&a=quis&pede=libero&posuere=nullam&nonummy=sit&integer=amet&non=turpis&velit=elementum&donec=ligula&diam=vehicula&neque=consequat&vestibulum=morbi&eget=a&vulputate=ipsum&ut=integer&ultrices=a&vel=nibh&augue=in&vestibulum=quis&ante=justo&ipsum=maecenas&primis=rhoncus&in=aliquam&faucibus=lacus&orci=morbi&luctus=quis&et=tortor&ultrices=id&posuere=nulla&cubilia=ultrices&curae=aliquet&donec=maecenas
53,14,Twitterlist,https://comsenz.com/eleifend/luctus/ultricies/eu/nibh/quisque.html?justo=eget&in=massa&hac=tempor&habitasse=convallis&platea=nulla&dictumst=neque&etiam=libero&faucibus=convallis&cursus=eget&urna=eleifend&ut=luctus&tellus=ultricies&nulla=eu&ut=nibh&erat=quisque&id=id&mauris=justo&vulputate=sit&elementum=amet&nullam=sapien&varius=dignissim&nulla=vestibulum&facilisi=vestibulum&cras=ante
54,11,Wikizz,http://wisc.edu/vel.json?cum=eget&sociis=massa&natoque=tempor&penatibus=convallis&et=nulla&magnis=neque&dis=libero&parturient=convallis&montes=eget&nascetur=eleifend&ridiculus=luctus&mus=ultricies
55,10,Youopia,http://ibm.com/mattis/nibh/ligula/nec.xml?volutpat=ultricies&erat=eu&quisque=nibh&erat=quisque&eros=id&viverra=justo&eget=sit&congue=amet&eget=sapien&semper=dignissim&rutrum=vestibulum&nulla=vestibulum&nunc=ante&purus=ipsum&phasellus=primis&in=in&felis=faucibus&donec=orci&semper=luctus&sapien=et&a=ultrices&libero=posuere&nam=cubilia&dui=curae&proin=nulla&leo=dapibus
56,4,Wikido,https://mit.edu/eu.html?nonummy=pellentesque&maecenas=eget&tincidunt=nunc&lacus=donec&at=quis&velit=orci&vivamus=eget&vel=orci&nulla=vehicula&eget=condimentum&eros=curabitur&elementum=in
57,21,Mydeo,http://blogs.com/orci/luctus/et/ultrices.js?interdum=pede&mauris=morbi&non=porttitor&ligula=lorem&pellentesque=id&ultrices=ligula&phasellus=suspendisse&id=ornare&sapien=consequat&in=lectus&sapien=in&iaculis=est&congue=risus&vivamus=auctor&metus=sed&arcu=tristique&adipiscing=in&molestie=tempus&hendrerit=sit&at=amet&vulputate=sem&vitae=fusce&nisl=consequat&aenean=nulla&lectus=nisl&pellentesque=nunc&eget=nisl&nunc=duis&donec=bibendum&quis=felis&orci=sed&eget=interdum&orci=venenatis&vehicula=turpis&condimentum=enim&curabitur=blandit&in=mi&libero=in&ut=porttitor&massa=pede&volutpat=justo&convallis=eu&morbi=massa&odio=donec&odio=dapibus&elementum=duis&eu=at&interdum=velit&eu=eu&tincidunt=est&in=congue&leo=elementum
58,6,DabZ,http://twitpic.com/nulla/justo/aliquam/quis/turpis/eget/elit.html?nisl=mus&duis=etiam&bibendum=vel&felis=augue&sed=vestibulum&interdum=rutrum&venenatis=rutrum&turpis=neque&enim=aenean&blandit=auctor&mi=gravida&in=sem&porttitor=praesent&pede=id&justo=massa&eu=id&massa=nisl&donec=venenatis&dapibus=lacinia&duis=aenean&at=sit&velit=amet&eu=justo&est=morbi&congue=ut&elementum=odio&in=cras&hac=mi&habitasse=pede&platea=malesuada&dictumst=in&morbi=imperdiet&vestibulum=et&velit=commodo&id=vulputate&pretium=justo&iaculis=in&diam=blandit&erat=ultrices&fermentum=enim&justo=lorem&nec=ipsum&condimentum=dolor&neque=sit&sapien=amet&placerat=consectetuer&ante=adipiscing&nulla=elit&justo=proin&aliquam=interdum&quis=mauris&turpis=non&eget=ligula&elit=pellentesque&sodales=ultrices&scelerisque=phasellus&mauris=id&sit=sapien&amet=in&eros=sapien&suspendisse=iaculis&accumsan=congue&tortor=vivamus&quis=metus&turpis=arcu&sed=adipiscing&ante=molestie&vivamus=hendrerit&tortor=at&duis=vulputate&mattis=vitae&egestas=nisl&metus=aenean&aenean=lectus&fermentum=pellentesque&donec=eget&ut=nunc&mauris=donec&eget=quis&massa=orci&tempor=eget&convallis=orci&nulla=vehicula&neque=condimentum&libero=curabitur
59,29,Pixope,https://ameblo.jp/tristique/est.aspx?praesent=faucibus&lectus=orci&vestibulum=luctus&quam=et&sapien=ultrices&varius=posuere&ut=cubilia&blandit=curae&non=nulla&interdum=dapibus&in=dolor&ante=vel&vestibulum=est&ante=donec&ipsum=odio&primis=justo&in=sollicitudin&faucibus=ut&orci=suscipit&luctus=a&et=feugiat&ultrices=et&posuere=eros&cubilia=vestibulum&curae=ac&duis=est&faucibus=lacinia&accumsan=nisi&odio=venenatis&curabitur=tristique&convallis=fusce&duis=congue&consequat=diam&dui=id&nec=ornare&nisi=imperdiet&volutpat=sapien&eleifend=urna&donec=pretium&ut=nisl&dolor=ut&morbi=volutpat&vel=sapien&lectus=arcu&in=sed&quam=augue&fringilla=aliquam&rhoncus=erat&mauris=volutpat&enim=in&leo=congue&rhoncus=etiam&sed=justo&vestibulum=etiam&sit=pretium&amet=iaculis&cursus=justo&id=in&turpis=hac&integer=habitasse&aliquet=platea&massa=dictumst&id=etiam&lobortis=faucibus&convallis=cursus
60,5,Oozz,https://ft.com/at/nibh/in/hac/habitasse/platea.js?cursus=mattis&id=egestas&turpis=metus&integer=aenean&aliquet=fermentum&massa=donec&id=ut&lobortis=mauris&convallis=eget&tortor=massa&risus=tempor&dapibus=convallis&augue=nulla&vel=neque&accumsan=libero&tellus=convallis&nisi=eget&eu=eleifend&orci=luctus&mauris=ultricies&lacinia=eu&sapien=nibh&quis=quisque&libero=id&nullam=justo&sit=sit&amet=amet&turpis=sapien&elementum=dignissim&ligula=vestibulum&vehicula=vestibulum&consequat=ante&morbi=ipsum&a=primis&ipsum=in&integer=faucibus&a=orci&nibh=luctus&in=et&quis=ultrices&justo=posuere&maecenas=cubilia&rhoncus=curae&aliquam=nulla&lacus=dapibus&morbi=dolor&quis=vel&tortor=est
61,22,Photobug,http://nasa.gov/dolor/sit/amet/consectetuer/adipiscing.jpg?ut=velit&odio=nec&cras=nisi&mi=vulputate&pede=nonummy&malesuada=maecenas&in=tincidunt&imperdiet=lacus&et=at&commodo=velit&vulputate=vivamus&justo=vel&in=nulla&blandit=eget&ultrices=eros&enim=elementum&lorem=pellentesque&ipsum=quisque&dolor=porta&sit=volutpat&amet=erat&consectetuer=quisque&adipiscing=erat&elit=eros&proin=viverra&interdum=eget&mauris=congue&non=eget&ligula=semper&pellentesque=rutrum&ultrices=nulla&phasellus=nunc&id=purus&sapien=phasellus&in=in&sapien=felis&iaculis=donec&congue=semper&vivamus=sapien&metus=a&arcu=libero&adipiscing=nam&molestie=dui&hendrerit=proin&at=leo&vulputate=odio&vitae=porttitor&nisl=id&aenean=consequat&lectus=in&pellentesque=consequat&eget=ut&nunc=nulla&donec=sed&quis=accumsan&orci=felis&eget=ut&orci=at&vehicula=dolor&condimentum=quis&curabitur=odio&in=consequat&libero=varius&ut=integer&massa=ac&volutpat=leo&convallis=pellentesque&morbi=ultrices&odio=mattis&odio=odio&elementum=donec&eu=vitae&interdum=nisi&eu=nam&tincidunt=ultrices&in=libero&leo=non&maecenas=mattis&pulvinar=pulvinar&lobortis=nulla&est=pede&phasellus=ullamcorper&sit=augue&amet=a&erat=suscipit&nulla=nulla&tempus=elit&vivamus=ac&in=nulla&felis=sed&eu=vel&sapien=enim&cursus=sit&vestibulum=amet&proin=nunc
62,27,Meeveo,http://dailymail.co.uk/molestie/sed/justo/pellentesque/viverra/pede/ac.jpg?sem=tristique&duis=fusce&aliquam=congue&convallis=diam&nunc=id&proin=ornare&at=imperdiet&turpis=sapien&a=urna&pede=pretium&posuere=nisl&nonummy=ut&integer=volutpat&non=sapien&velit=arcu&donec=sed&diam=augue&neque=aliquam&vestibulum=erat&eget=volutpat&vulputate=in&ut=congue&ultrices=etiam
63,32,Layo,https://huffingtonpost.com/orci/pede/venenatis/non/sodales/sed.aspx?semper=quam&rutrum=a&nulla=odio&nunc=in&purus=hac&phasellus=habitasse&in=platea&felis=dictumst&donec=maecenas&semper=ut&sapien=massa&a=quis&libero=augue&nam=luctus&dui=tincidunt&proin=nulla&leo=mollis&odio=molestie&porttitor=lorem&id=quisque&consequat=ut
64,8,Demizz,https://tamu.edu/consequat/in/consequat/ut/nulla/sed.jpg?nonummy=sit&maecenas=amet&tincidunt=eleifend&lacus=pede&at=libero&velit=quis&vivamus=orci&vel=nullam&nulla=molestie&eget=nibh&eros=in&elementum=lectus&pellentesque=pellentesque&quisque=at&porta=nulla&volutpat=suspendisse&erat=potenti&quisque=cras&erat=in&eros=purus&viverra=eu&eget=magna&congue=vulputate&eget=luctus&semper=cum&rutrum=sociis&nulla=natoque&nunc=penatibus&purus=et&phasellus=magnis&in=dis&felis=parturient&donec=montes&semper=nascetur&sapien=ridiculus&a=mus&libero=vivamus&nam=vestibulum&dui=sagittis&proin=sapien&leo=cum&odio=sociis&porttitor=natoque&id=penatibus&consequat=et&in=magnis&consequat=dis&ut=parturient&nulla=montes&sed=nascetur&accumsan=ridiculus&felis=mus&ut=etiam&at=vel&dolor=augue&quis=vestibulum&odio=rutrum&consequat=rutrum&varius=neque&integer=aenean&ac=auctor&leo=gravida&pellentesque=sem&ultrices=praesent&mattis=id&odio=massa&donec=id&vitae=nisl&nisi=venenatis&nam=lacinia&ultrices=aenean&libero=sit&non=amet&mattis=justo&pulvinar=morbi&nulla=ut&pede=odio&ullamcorper=cras&augue=mi&a=pede&suscipit=malesuada&nulla=in&elit=imperdiet&ac=et&nulla=commodo&sed=vulputate&vel=justo&enim=in&sit=blandit&amet=ultrices&nunc=enim&viverra=lorem&dapibus=ipsum&nulla=dolor&suscipit=sit&ligula=amet&in=consectetuer&lacus=adipiscing
65,30,Devpoint,https://huffingtonpost.com/diam/in.jsp?sed=et&justo=ultrices&pellentesque=posuere&viverra=cubilia&pede=curae&ac=duis&diam=faucibus&cras=accumsan&pellentesque=odio&volutpat=curabitur&dui=convallis&maecenas=duis&tristique=consequat&est=dui&et=nec&tempus=nisi&semper=volutpat&est=eleifend&quam=donec&pharetra=ut&magna=dolor&ac=morbi&consequat=vel&metus=lectus&sapien=in&ut=quam&nunc=fringilla&vestibulum=rhoncus&ante=mauris&ipsum=enim&primis=leo&in=rhoncus&faucibus=sed&orci=vestibulum&luctus=sit&et=amet&ultrices=cursus&posuere=id&cubilia=turpis&curae=integer&mauris=aliquet&viverra=massa&diam=id&vitae=lobortis&quam=convallis&suspendisse=tortor&potenti=risus&nullam=dapibus&porttitor=augue&lacus=vel&at=accumsan&turpis=tellus&donec=nisi&posuere=eu&metus=orci&vitae=mauris&ipsum=lacinia&aliquam=sapien&non=quis&mauris=libero&morbi=nullam&non=sit&lectus=amet&aliquam=turpis&sit=elementum&amet=ligula&diam=vehicula&in=consequat&magna=morbi&bibendum=a&imperdiet=ipsum&nullam=integer&orci=a&pede=nibh&venenatis=in&non=quis&sodales=justo&sed=maecenas&tincidunt=rhoncus&eu=aliquam&felis=lacus&fusce=morbi&posuere=quis&felis=tortor&sed=id&lacus=nulla&morbi=ultrices&sem=aliquet&mauris=maecenas&laoreet=leo&ut=odio&rhoncus=condimentum
66,25,Thoughtmix,http://yellowbook.com/convallis.xml?justo=rutrum&in=nulla&hac=tellus&habitasse=in&platea=sagittis&dictumst=dui&etiam=vel&faucibus=nisl&cursus=duis&urna=ac&ut=nibh&tellus=fusce&nulla=lacus&ut=purus&erat=aliquet&id=at&mauris=feugiat&vulputate=non&elementum=pretium&nullam=quis&varius=lectus&nulla=suspendisse&facilisi=potenti&cras=in&non=eleifend&velit=quam&nec=a&nisi=odio&vulputate=in&nonummy=hac&maecenas=habitasse&tincidunt=platea&lacus=dictumst&at=maecenas&velit=ut&vivamus=massa&vel=quis&nulla=augue&eget=luctus&eros=tincidunt&elementum=nulla&pellentesque=mollis&quisque=molestie&porta=lorem&volutpat=quisque&erat=ut&quisque=erat&erat=curabitur&eros=gravida&viverra=nisi&eget=at&congue=nibh&eget=in&semper=hac&rutrum=habitasse&nulla=platea&nunc=dictumst&purus=aliquam&phasellus=augue&in=quam&felis=sollicitudin&donec=vitae&semper=consectetuer&sapien=eget&a=rutrum&libero=at&nam=lorem&dui=integer&proin=tincidunt&leo=ante&odio=vel&porttitor=ipsum&id=praesent&consequat=blandit&in=lacinia&consequat=erat&ut=vestibulum&nulla=sed&sed=magna&accumsan=at&felis=nunc&ut=commodo&at=placerat&dolor=praesent&quis=blandit&odio=nam&consequat=nulla&varius=integer&integer=pede&ac=justo&leo=lacinia&pellentesque=eget&ultrices=tincidunt&mattis=eget&odio=tempus&donec=vel
67,2,Gigabox,https://toplist.cz/est/et/tempus/semper/est.jpg?cursus=quisque&vestibulum=porta&proin=volutpat&eu=erat&mi=quisque&nulla=erat&ac=eros&enim=viverra&in=eget&tempor=congue&turpis=eget&nec=semper&euismod=rutrum&scelerisque=nulla&quam=nunc&turpis=purus&adipiscing=phasellus&lorem=in&vitae=felis&mattis=donec&nibh=semper&ligula=sapien&nec=a&sem=libero&duis=nam&aliquam=dui&convallis=proin&nunc=leo&proin=odio&at=porttitor&turpis=id&a=consequat&pede=in&posuere=consequat&nonummy=ut&integer=nulla&non=sed&velit=accumsan&donec=felis&diam=ut&neque=at&vestibulum=dolor&eget=quis&vulputate=odio&ut=consequat&ultrices=varius&vel=integer&augue=ac&vestibulum=leo&ante=pellentesque&ipsum=ultrices&primis=mattis&in=odio&faucibus=donec&orci=vitae&luctus=nisi&et=nam&ultrices=ultrices&posuere=libero&cubilia=non&curae=mattis&donec=pulvinar&pharetra=nulla&magna=pede&vestibulum=ullamcorper&aliquet=augue&ultrices=a&erat=suscipit&tortor=nulla&sollicitudin=elit&mi=ac&sit=nulla&amet=sed&lobortis=vel
68,4,Lajo,http://state.gov/curabitur/at.js?quisque=nascetur&erat=ridiculus&eros=mus&viverra=etiam&eget=vel&congue=augue&eget=vestibulum&semper=rutrum&rutrum=rutrum&nulla=neque&nunc=aenean&purus=auctor
69,31,Riffwire,https://fema.gov/quisque/porta/volutpat.jpg?nunc=risus&rhoncus=semper&dui=porta&vel=volutpat&sem=quam&sed=pede&sagittis=lobortis&nam=ligula&congue=sit&risus=amet
70,8,Kanoodle,http://netlog.com/eget.jpg?feugiat=sapien&non=in&pretium=sapien&quis=iaculis&lectus=congue&suspendisse=vivamus&potenti=metus&in=arcu&eleifend=adipiscing&quam=molestie&a=hendrerit&odio=at&in=vulputate&hac=vitae&habitasse=nisl&platea=aenean&dictumst=lectus&maecenas=pellentesque&ut=eget&massa=nunc&quis=donec&augue=quis&luctus=orci&tincidunt=eget&nulla=orci&mollis=vehicula&molestie=condimentum&lorem=curabitur&quisque=in&ut=libero&erat=ut&curabitur=massa&gravida=volutpat&nisi=convallis&at=morbi&nibh=odio&in=odio&hac=elementum&habitasse=eu&platea=interdum&dictumst=eu&aliquam=tincidunt&augue=in&quam=leo&sollicitudin=maecenas&vitae=pulvinar&consectetuer=lobortis&eget=est&rutrum=phasellus
71,30,Twinder,https://tinyurl.com/in/purus.json?vestibulum=mauris&vestibulum=ullamcorper&ante=purus&ipsum=sit&primis=amet&in=nulla&faucibus=quisque&orci=arcu&luctus=libero&et=rutrum&ultrices=ac&posuere=lobortis&cubilia=vel&curae=dapibus
72,5,Livefish,https://bloglovin.com/morbi/non/lectus/aliquam/sit/amet/diam.js?at=hendrerit&velit=at&eu=vulputate&est=vitae&congue=nisl&elementum=aenean&in=lectus
73,3,Skyndu,http://adobe.com/cursus/id/turpis/integer/aliquet/massa.aspx?sed=et&tristique=magnis&in=dis&tempus=parturient&sit=montes&amet=nascetur&sem=ridiculus&fusce=mus&consequat=vivamus&nulla=vestibulum&nisl=sagittis&nunc=sapien&nisl=cum&duis=sociis&bibendum=natoque&felis=penatibus&sed=et&interdum=magnis&venenatis=dis&turpis=parturient&enim=montes&blandit=nascetur&mi=ridiculus&in=mus&porttitor=etiam&pede=vel&justo=augue&eu=vestibulum&massa=rutrum&donec=rutrum&dapibus=neque&duis=aenean&at=auctor&velit=gravida&eu=sem&est=praesent&congue=id&elementum=massa&in=id&hac=nisl&habitasse=venenatis&platea=lacinia&dictumst=aenean&morbi=sit&vestibulum=amet&velit=justo&id=morbi&pretium=ut&iaculis=odio&diam=cras&erat=mi&fermentum=pede&justo=malesuada&nec=in&condimentum=imperdiet&neque=et&sapien=commodo&placerat=vulputate&ante=justo&nulla=in&justo=blandit&aliquam=ultrices&quis=enim
74,13,Feedfish,https://cocolog-nifty.com/sollicitudin/mi/sit.jsp?morbi=vestibulum&vestibulum=vestibulum&velit=ante&id=ipsum&pretium=primis&iaculis=in&diam=faucibus&erat=orci&fermentum=luctus&justo=et&nec=ultrices&condimentum=posuere&neque=cubilia&sapien=curae&placerat=nulla&ante=dapibus&nulla=dolor&justo=vel&aliquam=est&quis=donec&turpis=odio&eget=justo&elit=sollicitudin&sodales=ut&scelerisque=suscipit&mauris=a&sit=feugiat&amet=et&eros=eros&suspendisse=vestibulum&accumsan=ac&tortor=est&quis=lacinia&turpis=nisi&sed=venenatis&ante=tristique&vivamus=fusce&tortor=congue&duis=diam&mattis=id&egestas=ornare&metus=imperdiet&aenean=sapien&fermentum=urna&donec=pretium&ut=nisl&mauris=ut&eget=volutpat&massa=sapien&tempor=arcu&convallis=sed&nulla=augue&neque=aliquam&libero=erat&convallis=volutpat&eget=in&eleifend=congue&luctus=etiam&ultricies=justo
75,29,Fivechat,http://cmu.edu/nisi.js?sit=nulla&amet=dapibus&diam=dolor&in=vel&magna=est&bibendum=donec&imperdiet=odio&nullam=justo&orci=sollicitudin&pede=ut&venenatis=suscipit&non=a&sodales=feugiat&sed=et&tincidunt=eros&eu=vestibulum&felis=ac&fusce=est&posuere=lacinia&felis=nisi&sed=venenatis&lacus=tristique&morbi=fusce&sem=congue&mauris=diam&laoreet=id&ut=ornare&rhoncus=imperdiet&aliquet=sapien&pulvinar=urna&sed=pretium&nisl=nisl&nunc=ut&rhoncus=volutpat&dui=sapien&vel=arcu&sem=sed&sed=augue&sagittis=aliquam&nam=erat&congue=volutpat&risus=in&semper=congue&porta=etiam&volutpat=justo&quam=etiam&pede=pretium&lobortis=iaculis&ligula=justo&sit=in&amet=hac&eleifend=habitasse&pede=platea&libero=dictumst&quis=etiam&orci=faucibus&nullam=cursus&molestie=urna&nibh=ut&in=tellus&lectus=nulla&pellentesque=ut&at=erat&nulla=id&suspendisse=mauris&potenti=vulputate&cras=elementum&in=nullam&purus=varius&eu=nulla&magna=facilisi&vulputate=cras&luctus=non&cum=velit&sociis=nec&natoque=nisi&penatibus=vulputate
76,11,Realcube,http://hud.gov/lacinia.xml?lorem=aliquet&ipsum=at&dolor=feugiat&sit=non&amet=pretium&consectetuer=quis&adipiscing=lectus&elit=suspendisse&proin=potenti&risus=in&praesent=eleifend&lectus=quam&vestibulum=a&quam=odio&sapien=in&varius=hac&ut=habitasse&blandit=platea&non=dictumst&interdum=maecenas&in=ut&ante=massa&vestibulum=quis&ante=augue&ipsum=luctus&primis=tincidunt&in=nulla&faucibus=mollis&orci=molestie&luctus=lorem&et=quisque&ultrices=ut&posuere=erat&cubilia=curabitur&curae=gravida&duis=nisi&faucibus=at&accumsan=nibh&odio=in&curabitur=hac&convallis=habitasse&duis=platea&consequat=dictumst&dui=aliquam&nec=augue&nisi=quam&volutpat=sollicitudin&eleifend=vitae&donec=consectetuer&ut=eget&dolor=rutrum&morbi=at&vel=lorem&lectus=integer&in=tincidunt&quam=ante&fringilla=vel&rhoncus=ipsum&mauris=praesent&enim=blandit&leo=lacinia&rhoncus=erat&sed=vestibulum&vestibulum=sed&sit=magna&amet=at&cursus=nunc&id=commodo&turpis=placerat&integer=praesent&aliquet=blandit&massa=nam&id=nulla&lobortis=integer&convallis=pede&tortor=justo&risus=lacinia&dapibus=eget&augue=tincidunt&vel=eget&accumsan=tempus&tellus=vel&nisi=pede&eu=morbi&orci=porttitor&mauris=lorem&lacinia=id&sapien=ligula&quis=suspendisse&libero=ornare&nullam=consequat&sit=lectus&amet=in
77,12,Devpulse,https://jimdo.com/praesent/lectus.js?semper=ultrices&rutrum=vel&nulla=augue&nunc=vestibulum&purus=ante&phasellus=ipsum&in=primis&felis=in&donec=faucibus&semper=orci&sapien=luctus&a=et&libero=ultrices&nam=posuere&dui=cubilia&proin=curae&leo=donec&odio=pharetra&porttitor=magna&id=vestibulum&consequat=aliquet&in=ultrices&consequat=erat&ut=tortor&nulla=sollicitudin&sed=mi&accumsan=sit
78,22,Devshare,http://google.com.hk/at/diam/nam/tristique/tortor/eu.jpg?nullam=tortor&varius=duis&nulla=mattis&facilisi=egestas&cras=metus&non=aenean&velit=fermentum&nec=donec&nisi=ut&vulputate=mauris&nonummy=eget&maecenas=massa&tincidunt=tempor&lacus=convallis&at=nulla&velit=neque&vivamus=libero&vel=convallis&nulla=eget&eget=eleifend&eros=luctus&elementum=ultricies&pellentesque=eu&quisque=nibh&porta=quisque&volutpat=id&erat=justo&quisque=sit&erat=amet&eros=sapien&viverra=dignissim&eget=vestibulum&congue=vestibulum&eget=ante&semper=ipsum&rutrum=primis&nulla=in&nunc=faucibus&purus=orci&phasellus=luctus&in=et&felis=ultrices&donec=posuere&semper=cubilia&sapien=curae&a=nulla&libero=dapibus&nam=dolor&dui=vel&proin=est&leo=donec&odio=odio&porttitor=justo&id=sollicitudin&consequat=ut&in=suscipit&consequat=a&ut=feugiat&nulla=et&sed=eros&accumsan=vestibulum&felis=ac&ut=est&at=lacinia&dolor=nisi
79,16,Topiczoom,https://thetimes.co.uk/sapien/dignissim/vestibulum/vestibulum.js?eu=maecenas&sapien=leo&cursus=odio&vestibulum=condimentum&proin=id&eu=luctus&mi=nec&nulla=molestie&ac=sed&enim=justo&in=pellentesque&tempor=viverra&turpis=pede&nec=ac&euismod=diam&scelerisque=cras&quam=pellentesque&turpis=volutpat&adipiscing=dui&lorem=maecenas&vitae=tristique&mattis=est&nibh=et&ligula=tempus&nec=semper&sem=est&duis=quam&aliquam=pharetra&convallis=magna&nunc=ac&proin=consequat&at=metus&turpis=sapien&a=ut&pede=nunc&posuere=vestibulum&nonummy=ante&integer=ipsum&non=primis&velit=in&donec=faucibus&diam=orci&neque=luctus&vestibulum=et&eget=ultrices&vulputate=posuere&ut=cubilia&ultrices=curae&vel=mauris&augue=viverra&vestibulum=diam&ante=vitae&ipsum=quam&primis=suspendisse&in=potenti&faucibus=nullam&orci=porttitor&luctus=lacus&et=at&ultrices=turpis&posuere=donec&cubilia=posuere&curae=metus&donec=vitae&pharetra=ipsum&magna=aliquam&vestibulum=non&aliquet=mauris&ultrices=morbi&erat=non&tortor=lectus&sollicitudin=aliquam&mi=sit&sit=amet&amet=diam&lobortis=in&sapien=magna&sapien=bibendum&non=imperdiet&mi=nullam&integer=orci&ac=pede&neque=venenatis&duis=non&bibendum=sodales&morbi=sed&non=tincidunt&quam=eu&nec=felis&dui=fusce&luctus=posuere&rutrum=felis
80,21,Linklinks,https://goodreads.com/nulla/quisque/arcu/libero/rutrum/ac.aspx?a=volutpat&pede=dui&posuere=maecenas
81,9,Livetube,http://sourceforge.net/eu/massa/donec.png?felis=nulla&donec=integer&semper=pede&sapien=justo&a=lacinia&libero=eget&nam=tincidunt&dui=eget&proin=tempus&leo=vel&odio=pede&porttitor=morbi&id=porttitor&consequat=lorem&in=id&consequat=ligula&ut=suspendisse&nulla=ornare&sed=consequat&accumsan=lectus&felis=in&ut=est&at=risus&dolor=auctor&quis=sed&odio=tristique&consequat=in&varius=tempus&integer=sit&ac=amet&leo=sem&pellentesque=fusce&ultrices=consequat&mattis=nulla&odio=nisl&donec=nunc&vitae=nisl&nisi=duis&nam=bibendum&ultrices=felis&libero=sed&non=interdum&mattis=venenatis&pulvinar=turpis&nulla=enim&pede=blandit&ullamcorper=mi&augue=in&a=porttitor&suscipit=pede&nulla=justo&elit=eu&ac=massa&nulla=donec&sed=dapibus&vel=duis&enim=at&sit=velit&amet=eu&nunc=est&viverra=congue&dapibus=elementum&nulla=in&suscipit=hac&ligula=habitasse&in=platea&lacus=dictumst&curabitur=morbi&at=vestibulum&ipsum=velit&ac=id&tellus=pretium&semper=iaculis&interdum=diam
82,24,Avamm,http://google.ca/donec/posuere.aspx?praesent=accumsan&lectus=felis&vestibulum=ut&quam=at&sapien=dolor
83,6,Katz,https://sphinn.com/in/quis/justo/maecenas/rhoncus.html?suspendisse=volutpat&potenti=dui&cras=maecenas&in=tristique&purus=est&eu=et&magna=tempus&vulputate=semper&luctus=est&cum=quam&sociis=pharetra&natoque=magna&penatibus=ac&et=consequat&magnis=metus&dis=sapien&parturient=ut&montes=nunc&nascetur=vestibulum&ridiculus=ante&mus=ipsum&vivamus=primis&vestibulum=in&sagittis=faucibus&sapien=orci&cum=luctus&sociis=et&natoque=ultrices&penatibus=posuere&et=cubilia&magnis=curae&dis=mauris&parturient=viverra&montes=diam&nascetur=vitae&ridiculus=quam&mus=suspendisse&etiam=potenti&vel=nullam&augue=porttitor&vestibulum=lacus&rutrum=at&rutrum=turpis&neque=donec&aenean=posuere&auctor=metus&gravida=vitae&sem=ipsum&praesent=aliquam&id=non&massa=mauris&id=morbi&nisl=non&venenatis=lectus&lacinia=aliquam&aenean=sit
84,26,Thoughtmix,http://jugem.jp/et/ultrices/posuere.jsp?velit=leo&nec=pellentesque&nisi=ultrices&vulputate=mattis&nonummy=odio&maecenas=donec&tincidunt=vitae&lacus=nisi&at=nam&velit=ultrices&vivamus=libero&vel=non&nulla=mattis&eget=pulvinar&eros=nulla&elementum=pede&pellentesque=ullamcorper&quisque=augue&porta=a&volutpat=suscipit&erat=nulla&quisque=elit&erat=ac&eros=nulla&viverra=sed&eget=vel&congue=enim&eget=sit&semper=amet&rutrum=nunc&nulla=viverra&nunc=dapibus&purus=nulla&phasellus=suscipit&in=ligula&felis=in&donec=lacus&semper=curabitur&sapien=at
85,32,Wikizz,http://lulu.com/eu/tincidunt/in/leo/maecenas/pulvinar/lobortis.js?odio=iaculis&justo=diam&sollicitudin=erat&ut=fermentum&suscipit=justo&a=nec&feugiat=condimentum&et=neque&eros=sapien&vestibulum=placerat&ac=ante&est=nulla&lacinia=justo&nisi=aliquam&venenatis=quis&tristique=turpis&fusce=eget&congue=elit&diam=sodales&id=scelerisque&ornare=mauris&imperdiet=sit&sapien=amet&urna=eros&pretium=suspendisse&nisl=accumsan&ut=tortor&volutpat=quis&sapien=turpis&arcu=sed&sed=ante&augue=vivamus&aliquam=tortor&erat=duis&volutpat=mattis&in=egestas&congue=metus&etiam=aenean&justo=fermentum&etiam=donec&pretium=ut&iaculis=mauris&justo=eget&in=massa&hac=tempor&habitasse=convallis&platea=nulla&dictumst=neque&etiam=libero&faucibus=convallis&cursus=eget
86,15,Viva,https://themeforest.net/proin/interdum.html?duis=urna&mattis=pretium&egestas=nisl&metus=ut&aenean=volutpat&fermentum=sapien&donec=arcu&ut=sed&mauris=augue&eget=aliquam&massa=erat&tempor=volutpat&convallis=in&nulla=congue&neque=etiam&libero=justo&convallis=etiam&eget=pretium&eleifend=iaculis&luctus=justo&ultricies=in&eu=hac&nibh=habitasse&quisque=platea&id=dictumst&justo=etiam&sit=faucibus&amet=cursus&sapien=urna&dignissim=ut&vestibulum=tellus&vestibulum=nulla&ante=ut&ipsum=erat&primis=id&in=mauris&faucibus=vulputate&orci=elementum&luctus=nullam&et=varius&ultrices=nulla&posuere=facilisi&cubilia=cras&curae=non
87,20,Quinu,http://sitemeter.com/accumsan.aspx?velit=non&vivamus=mauris&vel=morbi&nulla=non&eget=lectus&eros=aliquam&elementum=sit&pellentesque=amet&quisque=diam&porta=in&volutpat=magna&erat=bibendum&quisque=imperdiet&erat=nullam&eros=orci&viverra=pede&eget=venenatis&congue=non&eget=sodales&semper=sed&rutrum=tincidunt&nulla=eu&nunc=felis&purus=fusce&phasellus=posuere&in=felis&felis=sed&donec=lacus&semper=morbi&sapien=sem&a=mauris&libero=laoreet&nam=ut&dui=rhoncus&proin=aliquet&leo=pulvinar&odio=sed&porttitor=nisl&id=nunc&consequat=rhoncus&in=dui&consequat=vel&ut=sem&nulla=sed&sed=sagittis&accumsan=nam&felis=congue&ut=risus&at=semper&dolor=porta&quis=volutpat&odio=quam&consequat=pede&varius=lobortis&integer=ligula&ac=sit&leo=amet&pellentesque=eleifend&ultrices=pede&mattis=libero&odio=quis&donec=orci&vitae=nullam&nisi=molestie&nam=nibh&ultrices=in&libero=lectus&non=pellentesque&mattis=at&pulvinar=nulla&nulla=suspendisse&pede=potenti&ullamcorper=cras&augue=in&a=purus&suscipit=eu&nulla=magna&elit=vulputate&ac=luctus
88,14,Realbuzz,https://webeden.co.uk/congue.jpg?nulla=vestibulum&suscipit=sit&ligula=amet&in=cursus&lacus=id&curabitur=turpis&at=integer&ipsum=aliquet&ac=massa&tellus=id&semper=lobortis&interdum=convallis&mauris=tortor&ullamcorper=risus&purus=dapibus&sit=augue&amet=vel&nulla=accumsan&quisque=tellus&arcu=nisi&libero=eu&rutrum=orci&ac=mauris&lobortis=lacinia&vel=sapien&dapibus=quis&at=libero&diam=nullam&nam=sit&tristique=amet&tortor=turpis&eu=elementum&pede=ligula
89,23,Photofeed,https://is.gd/donec/odio/justo/sollicitudin/ut/suscipit/a.jsp?nullam=lectus&porttitor=in&lacus=est&at=risus&turpis=auctor&donec=sed&posuere=tristique&metus=in&vitae=tempus&ipsum=sit&aliquam=amet&non=sem&mauris=fusce&morbi=consequat&non=nulla&lectus=nisl&aliquam=nunc&sit=nisl&amet=duis&diam=bibendum&in=felis&magna=sed&bibendum=interdum&imperdiet=venenatis&nullam=turpis&orci=enim&pede=blandit&venenatis=mi&non=in&sodales=porttitor&sed=pede&tincidunt=justo&eu=eu&felis=massa&fusce=donec&posuere=dapibus&felis=duis&sed=at&lacus=velit&morbi=eu&sem=est&mauris=congue&laoreet=elementum&ut=in&rhoncus=hac&aliquet=habitasse&pulvinar=platea&sed=dictumst&nisl=morbi&nunc=vestibulum&rhoncus=velit&dui=id&vel=pretium&sem=iaculis&sed=diam&sagittis=erat&nam=fermentum&congue=justo&risus=nec&semper=condimentum&porta=neque&volutpat=sapien&quam=placerat&pede=ante&lobortis=nulla&ligula=justo&sit=aliquam&amet=quis&eleifend=turpis&pede=eget&libero=elit&quis=sodales&orci=scelerisque&nullam=mauris&molestie=sit&nibh=amet&in=eros&lectus=suspendisse&pellentesque=accumsan&at=tortor&nulla=quis&suspendisse=turpis&potenti=sed&cras=ante&in=vivamus&purus=tortor&eu=duis&magna=mattis&vulputate=egestas&luctus=metus&cum=aenean&sociis=fermentum&natoque=donec&penatibus=ut&et=mauris&magnis=eget
90,25,Devpoint,https://cbsnews.com/in/sagittis/dui/vel/nisl.jpg?odio=faucibus&condimentum=cursus&id=urna&luctus=ut&nec=tellus&molestie=nulla&sed=ut&justo=erat&pellentesque=id&viverra=mauris&pede=vulputate&ac=elementum&diam=nullam&cras=varius&pellentesque=nulla&volutpat=facilisi&dui=cras&maecenas=non&tristique=velit&est=nec&et=nisi&tempus=vulputate&semper=nonummy&est=maecenas&quam=tincidunt&pharetra=lacus&magna=at&ac=velit&consequat=vivamus&metus=vel&sapien=nulla&ut=eget&nunc=eros&vestibulum=elementum&ante=pellentesque&ipsum=quisque&primis=porta&in=volutpat&faucibus=erat&orci=quisque&luctus=erat&et=eros&ultrices=viverra&posuere=eget&cubilia=congue&curae=eget&mauris=semper&viverra=rutrum&diam=nulla&vitae=nunc&quam=purus&suspendisse=phasellus&potenti=in&nullam=felis&porttitor=donec&lacus=semper&at=sapien&turpis=a&donec=libero&posuere=nam&metus=dui&vitae=proin&ipsum=leo&aliquam=odio&non=porttitor&mauris=id&morbi=consequat&non=in&lectus=consequat&aliquam=ut&sit=nulla&amet=sed&diam=accumsan&in=felis&magna=ut&bibendum=at&imperdiet=dolor
91,1,Aimbu,http://dailymail.co.uk/nec.png?proin=sagittis&eu=sapien&mi=cum&nulla=sociis&ac=natoque&enim=penatibus&in=et&tempor=magnis&turpis=dis&nec=parturient&euismod=montes&scelerisque=nascetur&quam=ridiculus&turpis=mus&adipiscing=etiam&lorem=vel&vitae=augue&mattis=vestibulum&nibh=rutrum&ligula=rutrum&nec=neque
92,19,Plajo,https://google.it/ultrices/enim/lorem/ipsum/dolor/sit/amet.xml?sapien=vestibulum&quis=ac&libero=est&nullam=lacinia&sit=nisi&amet=venenatis&turpis=tristique&elementum=fusce&ligula=congue&vehicula=diam&consequat=id&morbi=ornare&a=imperdiet&ipsum=sapien&integer=urna&a=pretium&nibh=nisl&in=ut&quis=volutpat&justo=sapien&maecenas=arcu&rhoncus=sed&aliquam=augue&lacus=aliquam&morbi=erat&quis=volutpat&tortor=in&id=congue&nulla=etiam&ultrices=justo&aliquet=etiam&maecenas=pretium&leo=iaculis&odio=justo&condimentum=in&id=hac&luctus=habitasse&nec=platea&molestie=dictumst&sed=etiam&justo=faucibus&pellentesque=cursus&viverra=urna&pede=ut&ac=tellus&diam=nulla&cras=ut&pellentesque=erat&volutpat=id&dui=mauris&maecenas=vulputate&tristique=elementum&est=nullam&et=varius&tempus=nulla&semper=facilisi&est=cras&quam=non&pharetra=velit&magna=nec&ac=nisi&consequat=vulputate&metus=nonummy&sapien=maecenas&ut=tincidunt&nunc=lacus&vestibulum=at&ante=velit&ipsum=vivamus&primis=vel&in=nulla&faucibus=eget&orci=eros&luctus=elementum&et=pellentesque&ultrices=quisque&posuere=porta&cubilia=volutpat
93,10,Riffpath,https://about.com/tincidunt/nulla/mollis/molestie/lorem/quisque.aspx?elementum=quis&ligula=orci&vehicula=eget&consequat=orci&morbi=vehicula&a=condimentum&ipsum=curabitur&integer=in&a=libero&nibh=ut&in=massa&quis=volutpat&justo=convallis&maecenas=morbi&rhoncus=odio&aliquam=odio&lacus=elementum&morbi=eu&quis=interdum&tortor=eu&id=tincidunt&nulla=in&ultrices=leo&aliquet=maecenas&maecenas=pulvinar&leo=lobortis&odio=est&condimentum=phasellus&id=sit&luctus=amet&nec=erat&molestie=nulla&sed=tempus&justo=vivamus&pellentesque=in&viverra=felis&pede=eu&ac=sapien&diam=cursus&cras=vestibulum&pellentesque=proin
94,18,Yambee,http://mashable.com/nec/dui/luctus/rutrum/nulla/tellus.js?aliquet=eget&pulvinar=massa&sed=tempor&nisl=convallis&nunc=nulla&rhoncus=neque&dui=libero&vel=convallis&sem=eget&sed=eleifend&sagittis=luctus&nam=ultricies&congue=eu&risus=nibh&semper=quisque&porta=id&volutpat=justo&quam=sit&pede=amet&lobortis=sapien&ligula=dignissim&sit=vestibulum&amet=vestibulum&eleifend=ante&pede=ipsum&libero=primis&quis=in&orci=faucibus&nullam=orci&molestie=luctus&nibh=et&in=ultrices&lectus=posuere&pellentesque=cubilia&at=curae&nulla=nulla&suspendisse=dapibus&potenti=dolor&cras=vel&in=est&purus=donec&eu=odio&magna=justo&vulputate=sollicitudin&luctus=ut&cum=suscipit&sociis=a&natoque=feugiat&penatibus=et&et=eros&magnis=vestibulum&dis=ac&parturient=est&montes=lacinia
95,7,Wordify,https://auda.org.au/diam.jsp?hac=mollis&habitasse=molestie&platea=lorem&dictumst=quisque&etiam=ut&faucibus=erat&cursus=curabitur&urna=gravida&ut=nisi&tellus=at&nulla=nibh&ut=in&erat=hac&id=habitasse&mauris=platea&vulputate=dictumst&elementum=aliquam&nullam=augue&varius=quam&nulla=sollicitudin&facilisi=vitae&cras=consectetuer&non=eget&velit=rutrum&nec=at&nisi=lorem&vulputate=integer&nonummy=tincidunt&maecenas=ante&tincidunt=vel&lacus=ipsum&at=praesent&velit=blandit&vivamus=lacinia&vel=erat&nulla=vestibulum&eget=sed&eros=magna&elementum=at&pellentesque=nunc&quisque=commodo&porta=placerat&volutpat=praesent&erat=blandit&quisque=nam&erat=nulla&eros=integer&viverra=pede&eget=justo&congue=lacinia&eget=eget&semper=tincidunt&rutrum=eget&nulla=tempus&nunc=vel&purus=pede&phasellus=morbi&in=porttitor&felis=lorem&donec=id&semper=ligula&sapien=suspendisse&a=ornare&libero=consequat&nam=lectus&dui=in&proin=est&leo=risus&odio=auctor&porttitor=sed&id=tristique&consequat=in&in=tempus&consequat=sit&ut=amet&nulla=sem&sed=fusce&accumsan=consequat&felis=nulla&ut=nisl&at=nunc&dolor=nisl&quis=duis&odio=bibendum&consequat=felis&varius=sed&integer=interdum&ac=venenatis&leo=turpis&pellentesque=enim&ultrices=blandit&mattis=mi
96,27,Rhycero,http://statcounter.com/curabitur/in/libero/ut/massa.js?in=augue&faucibus=quam&orci=sollicitudin&luctus=vitae&et=consectetuer&ultrices=eget&posuere=rutrum&cubilia=at&curae=lorem&duis=integer&faucibus=tincidunt&accumsan=ante&odio=vel&curabitur=ipsum&convallis=praesent&duis=blandit&consequat=lacinia&dui=erat&nec=vestibulum&nisi=sed&volutpat=magna&eleifend=at&donec=nunc&ut=commodo&dolor=placerat&morbi=praesent&vel=blandit&lectus=nam&in=nulla&quam=integer&fringilla=pede&rhoncus=justo&mauris=lacinia&enim=eget&leo=tincidunt&rhoncus=eget&sed=tempus&vestibulum=vel&sit=pede&amet=morbi&cursus=porttitor&id=lorem&turpis=id&integer=ligula&aliquet=suspendisse&massa=ornare&id=consequat&lobortis=lectus&convallis=in&tortor=est&risus=risus&dapibus=auctor&augue=sed&vel=tristique&accumsan=in&tellus=tempus&nisi=sit&eu=amet&orci=sem&mauris=fusce&lacinia=consequat&sapien=nulla&quis=nisl&libero=nunc&nullam=nisl&sit=duis&amet=bibendum&turpis=felis&elementum=sed&ligula=interdum&vehicula=venenatis&consequat=turpis&morbi=enim&a=blandit&ipsum=mi&integer=in&a=porttitor&nibh=pede&in=justo&quis=eu&justo=massa&maecenas=donec&rhoncus=dapibus&aliquam=duis&lacus=at&morbi=velit&quis=eu&tortor=est&id=congue&nulla=elementum&ultrices=in&aliquet=hac&maecenas=habitasse&leo=platea&odio=dictumst&condimentum=morbi&id=vestibulum&luctus=velit
97,33,Wordtune,http://privacy.gov.au/in/quam/fringilla/rhoncus.html?lectus=velit&suspendisse=donec&potenti=diam&in=neque&eleifend=vestibulum&quam=eget&a=vulputate&odio=ut&in=ultrices&hac=vel&habitasse=augue&platea=vestibulum&dictumst=ante&maecenas=ipsum&ut=primis&massa=in&quis=faucibus&augue=orci&luctus=luctus&tincidunt=et&nulla=ultrices&mollis=posuere&molestie=cubilia&lorem=curae&quisque=donec&ut=pharetra&erat=magna&curabitur=vestibulum&gravida=aliquet&nisi=ultrices&at=erat&nibh=tortor&in=sollicitudin&hac=mi&habitasse=sit&platea=amet&dictumst=lobortis&aliquam=sapien&augue=sapien&quam=non&sollicitudin=mi&vitae=integer&consectetuer=ac&eget=neque&rutrum=duis&at=bibendum&lorem=morbi&integer=non&tincidunt=quam&ante=nec&vel=dui&ipsum=luctus&praesent=rutrum&blandit=nulla&lacinia=tellus&erat=in&vestibulum=sagittis&sed=dui&magna=vel&at=nisl&nunc=duis&commodo=ac&placerat=nibh&praesent=fusce&blandit=lacus&nam=purus&nulla=aliquet
98,28,Voomm,https://amazonaws.com/lobortis/ligula.jsp?integer=tortor&ac=duis&neque=mattis&duis=egestas&bibendum=metus&morbi=aenean&non=fermentum&quam=donec&nec=ut&dui=mauris&luctus=eget&rutrum=massa&nulla=tempor&tellus=convallis&in=nulla&sagittis=neque&dui=libero&vel=convallis&nisl=eget&duis=eleifend&ac=luctus&nibh=ultricies&fusce=eu&lacus=nibh&purus=quisque&aliquet=id&at=justo&feugiat=sit&non=amet&pretium=sapien&quis=dignissim&lectus=vestibulum&suspendisse=vestibulum&potenti=ante&in=ipsum&eleifend=primis&quam=in&a=faucibus&odio=orci&in=luctus&hac=et&habitasse=ultrices&platea=posuere&dictumst=cubilia&maecenas=curae&ut=nulla&massa=dapibus&quis=dolor&augue=vel&luctus=est&tincidunt=donec&nulla=odio&mollis=justo&molestie=sollicitudin&lorem=ut&quisque=suscipit&ut=a&erat=feugiat&curabitur=et&gravida=eros&nisi=vestibulum&at=ac&nibh=est&in=lacinia&hac=nisi&habitasse=venenatis&platea=tristique&dictumst=fusce&aliquam=congue&augue=diam&quam=id&sollicitudin=ornare&vitae=imperdiet&consectetuer=sapien&eget=urna&rutrum=pretium&at=nisl&lorem=ut&integer=volutpat&tincidunt=sapien&ante=arcu&vel=sed&ipsum=augue&praesent=aliquam&blandit=erat&lacinia=volutpat&erat=in&vestibulum=congue&sed=etiam&magna=justo&at=etiam&nunc=pretium&commodo=iaculis&placerat=justo&praesent=in&blandit=hac&nam=habitasse&nulla=platea&integer=dictumst&pede=etiam
99,17,Pixonyx,https://e-recht24.de/tristique/tortor/eu.json?amet=eget&eleifend=tempus&pede=vel&libero=pede&quis=morbi&orci=porttitor&nullam=lorem&molestie=id&nibh=ligula&in=suspendisse&lectus=ornare&pellentesque=consequat&at=lectus&nulla=in&suspendisse=est&potenti=risus&cras=auctor&in=sed&purus=tristique&eu=in&magna=tempus&vulputate=sit&luctus=amet&cum=sem&sociis=fusce&natoque=consequat&penatibus=nulla&et=nisl&magnis=nunc&dis=nisl&parturient=duis&montes=bibendum&nascetur=felis&ridiculus=sed&mus=interdum&vivamus=venenatis&vestibulum=turpis&sagittis=enim&sapien=blandit&cum=mi&sociis=in&natoque=porttitor&penatibus=pede&et=justo&magnis=eu&dis=massa&parturient=donec&montes=dapibus&nascetur=duis&ridiculus=at&mus=velit&etiam=eu&vel=est&augue=congue&vestibulum=elementum&rutrum=in&rutrum=hac&neque=habitasse&aenean=platea&auctor=dictumst&gravida=morbi&sem=vestibulum&praesent=velit&id=id&massa=pretium&id=iaculis&nisl=diam&venenatis=erat&lacinia=fermentum&aenean=justo&sit=nec&amet=condimentum&justo=neque&morbi=sapien&ut=placerat&odio=ante&cras=nulla&mi=justo&pede=aliquam&malesuada=quis&in=turpis&imperdiet=eget&et=elit&commodo=sodales&vulputate=scelerisque&justo=mauris&in=sit&blandit=amet&ultrices=eros&enim=suspendisse&lorem=accumsan&ipsum=tortor&dolor=quis&sit=turpis
100,4,Gabtype,http://shutterfly.com/ipsum/praesent.aspx?tincidunt=sollicitudin&eget=vitae&tempus=consectetuer&vel=eget&pede=rutrum&morbi=at&porttitor=lorem&lorem=integer&id=tincidunt&ligula=ante&suspendisse=vel&ornare=ipsum&consequat=praesent&lectus=blandit&in=lacinia&est=erat&risus=vestibulum&auctor=sed&sed=magna&tristique=at&in=nunc&tempus=commodo&sit=placerat&amet=praesent&sem=blandit&fusce=nam&consequat=nulla&nulla=integer&nisl=pede&nunc=justo&nisl=lacinia&duis=eget&bibendum=tincidunt&felis=eget&sed=tempus&interdum=vel&venenatis=pede&turpis=morbi&enim=porttitor&blandit=lorem&mi=id&in=ligula&porttitor=suspendisse&pede=ornare&justo=consequat&eu=lectus&massa=in&donec=est&dapibus=risus&duis=auctor&at=sed&velit=tristique&eu=in&est=tempus&congue=sit&elementum=amet&in=sem&hac=fusce&habitasse=consequat&platea=nulla&dictumst=nisl&morbi=nunc&vestibulum=nisl&velit=duis&id=bibendum&pretium=felis&iaculis=sed&diam=interdum&erat=venenatis&fermentum=turpis&justo=enim&nec=blandit&condimentum=mi&neque=in&sapien=porttitor&placerat=pede&ante=justo&nulla=eu&justo=massa&aliquam=donec&quis=dapibus&turpis=duis&eget=at&elit=velit&sodales=eu&scelerisque=est&mauris=congue&sit=elementum&amet=in&eros=hac&suspendisse=habitasse&accumsan=platea&tortor=dictumst&quis=morbi&turpis=vestibulum&sed=velit
